family,width_cm,height_cm,qty,is_anchor,catalog_price,engine_price,delta_pct,rule
"מדבקות","30","20","1","0","95","20","-78.9","sheet"
"מדבקות","6","6","1000","0","485","420","-13.4","anchor"
"מדבקות","4","4","1000","0","330","370","12.1","anchor"
"מדבקות","5","9","1000","0","420","470","11.9","anchor"
"מדבקות","5","5","1000","0","345","385","11.6","anchor"
"מדבקות","5","8","1000","0","345","385","11.6","anchor"
"מדבקות","3","3","1000","0","315","350","11.1","anchor"
"מדבקות","80","60","1","0","105","95","-9.5","large_format"
"מדבקות","7","7","1000","0","495","450","-9.1","anchor"
"מדבקות","8","8","1000","0","495","450","-9.1","anchor"
"מדבקות","6","6","500","0","270","250","-7.4","anchor"
"מדבקות","9","9","1000","0","505","470","-6.9","anchor"
"מדבקות","17","17","80","0","270","287","6.3","package_min"
"מדבקות","70","50","1","1","100","95","-5.0","large_format"
"מדבקות","100","100","1","0","120","125","4.2","large_format"
"מדבקות","16","6","1000","0","590","570","-3.4","anchor"
"מדבקות","10","10","1000","0","590","570","-3.4","anchor"
"מדבקות","24","6","1000","0","590","570","-3.4","anchor"
"מדבקות","10","15","1000","0","590","570","-3.4","anchor"
"מדבקות","6","6","250","0","178","175","-1.7","anchor"
"מדבקות","3","3","150","1","122","120","-1.6","anchor"
"מדבקות","4","4","150","1","128","130","1.6","anchor"
"מדבקות","16","6","500","0","340","345","1.5","anchor"
"מדבקות","10","10","500","0","340","345","1.5","anchor"
"מדבקות","24","6","500","0","340","345","1.5","anchor"
"מדבקות","10","15","500","0","340","345","1.5","anchor"
"מדבקות","5","5","200","0","147","145","-1.4","anchor"
"מדבקות","5","8","200","0","147","145","-1.4","anchor"
"מדבקות","7","7","150","0","157","155","-1.3","anchor"
"מדבקות","8","8","150","0","157","155","-1.3","anchor"
"מדבקות","5","5","250","0","163","165","1.2","anchor"
"מדבקות","5","8","250","0","163","165","1.2","anchor"
"מדבקות","5","9","150","0","163","165","1.2","anchor"
"מדבקות","9","9","150","0","163","165","1.2","anchor"
"מדבקות","7","7","200","0","172","170","-1.2","anchor"
"מדבקות","8","8","200","0","172","170","-1.2","anchor"
"מדבקות","7","7","250","0","192","190","-1.0","anchor"
"מדבקות","8","8","250","0","192","190","-1.0","anchor"
"מדבקות","16","6","150","0","198","200","1.0","anchor"
"מדבקות","10","10","150","0","198","200","1.0","anchor"
"מדבקות","24","6","150","0","198","200","1.0","anchor"
"מדבקות","10","15","150","0","198","200","1.0","anchor"
"מדבקות","16","6","200","0","217","215","-0.9","anchor"
"מדבקות","10","10","200","0","217","215","-0.9","anchor"
"מדבקות","24","6","200","0","217","215","-0.9","anchor"
"מדבקות","10","15","200","0","217","215","-0.9","anchor"
"מדבקות","16","6","250","0","242","240","-0.8","anchor"
"מדבקות","10","10","250","0","242","240","-0.8","anchor"
"מדבקות","24","6","250","0","242","240","-0.8","anchor"
"מדבקות","10","15","250","0","242","240","-0.8","anchor"
"מדבקות","3","3","200","1","134","135","0.7","anchor"
"מדבקות","5","5","150","1","134","135","0.7","anchor"
"מדבקות","5","8","150","0","134","135","0.7","anchor"
"מדבקות","6","6","150","0","146","145","-0.7","anchor"
"מדבקות","4","4","250","0","156","155","-0.6","anchor"
"מדבקות","5","9","200","0","179","180","0.6","anchor"
"מדבקות","9","9","200","0","179","180","0.6","anchor"
"מדבקות","5","9","250","0","199","200","0.5","anchor"
"מדבקות","9","9","250","0","199","200","0.5","anchor"
"מדבקות","3","3","100","1","115","115","0.0","anchor"
"מדבקות","3","3","250","0","150","150","0.0","anchor"
"מדבקות","3","3","500","0","210","210","0.0","anchor"
"מדבקות","4","4","100","1","121","121","0.0","anchor"
"מדבקות","4","4","200","0","140","140","0.0","anchor"
"מדבקות","4","4","500","0","220","220","0.0","anchor"
"מדבקות","5","5","100","1","126","126","0.0","anchor"
"מדבקות","5","5","500","0","230","230","0.0","anchor"
"מדבקות","6","6","100","0","137","137","0.0","anchor"
"מדבקות","6","6","200","0","160","160","0.0","anchor"
"מדבקות","5","8","100","0","126","126","0.0","anchor"
"מדבקות","5","8","500","0","230","230","0.0","anchor"
"מדבקות","5","9","100","0","154","154","0.0","anchor"
"מדבקות","5","9","500","0","280","280","0.0","anchor"
"מדבקות","7","7","100","0","148","148","0.0","anchor"
"מדבקות","7","7","500","0","270","270","0.0","anchor"
"מדבקות","8","8","100","0","148","148","0.0","anchor"
"מדבקות","8","8","500","0","270","270","0.0","anchor"
"מדבקות","9","9","100","1","154","154","0.0","anchor"
"מדבקות","9","9","500","0","280","280","0.0","anchor"
"מדבקות","16","6","100","0","187","187","0.0","anchor"
"מדבקות","10","10","100","0","187","187","0.0","anchor"
"מדבקות","24","6","100","0","187","187","0.0","anchor"
"מדבקות","10","15","100","0","187","187","0.0","anchor"
"מדבקות","56","17","1","0","95","95","0.0","large_format"
"מדבקות","70","20","1","0","95","95","0.0","large_format"
"מדבקות","120","80","1","0","120","120","0.0","large_format"
"מדבקות","130","130","1","0","155","155","0.0","large_format"
"מדבקות","140","140","1","1","180","180","0.0","large_format"
"שמשונית","120","80","10","0","470","815","73.4","curve"
"שמשונית","40","40","10","1","465","700","50.5","package_min"
"שמשונית","550","40","1","0","320","165","-48.4","curve"
"שמשונית","610","40","1","0","350","185","-47.1","curve"
"שמשונית","600","40","1","0","340","180","-47.1","curve"
"שמשונית","1000","100","1","0","1270","720","-43.3","curve"
"שמשונית","650","150","1","0","1220","700","-42.6","curve"
"שמשונית","900","100","1","0","1065","650","-39.0","curve"
"שמשונית","330","100","1","0","180","250","38.9","curve"
"שמשונית","200","40","1","0","110","70","-36.4","package_min"
"שמשונית","180","50","1","0","120","77","-35.8","curve"
"שמשונית","800","100","1","0","875","575","-34.3","curve"
"שמשונית","785","100","1","0","850","565","-33.5","curve"
"שמשונית","300","100","1","1","170","225","32.4","curve"
"שמשונית","500","150","1","0","785","540","-31.2","curve"
"שמשונית","200","50","1","0","120","85","-29.2","curve"
"שמשונית","270","100","1","0","160","205","28.1","curve"
"שמשונית","700","100","1","0","700","505","-27.9","curve"
"שמשונית","600","150","1","0","900","650","-27.8","curve"
"שמשונית","450","150","1","0","660","485","-26.5","curve"
"שמשונית","240","120","1","0","170","215","26.5","curve"
"שמשונית","250","50","1","0","140","105","-25.0","curve"
"שמשונית","200","155","1","0","200","250","25.0","outsourced"
"שמשונית","220","150","1","0","200","250","25.0","curve"
"שמשונית","400","400","1","0","1700","1280","-24.7","outsourced"
"שמשונית","280","100","1","0","170","210","23.5","curve"
"שמשונית","300","240","1","0","749","575","-23.2","outsourced"
"שמשונית","200","200","1","0","416","320","-23.1","outsourced"
"שמשונית","300","200","1","0","624","480","-23.1","outsourced"
"שמשונית","400","200","1","0","832","640","-23.1","outsourced"
"שמשונית","400","200","1","0","832","640","-23.1","outsourced"
"שמשונית","300","300","1","0","936","720","-23.1","outsourced"
"שמשונית","400","250","1","0","1040","800","-23.1","outsourced"
"שמשונית","500","200","1","0","1040","800","-23.1","outsourced"
"שמשונית","400","300","1","0","1248","960","-23.1","outsourced"
"שמשונית","600","200","1","0","1248","960","-23.1","outsourced"
"שמשונית","600","200","1","0","1248","960","-23.1","outsourced"
"שמשונית","500","300","1","0","1560","1200","-23.1","outsourced"
"שמשונית","700","250","1","0","1820","1400","-23.1","outsourced"
"שמשונית","600","300","1","0","1872","1440","-23.1","outsourced"
"שמשונית","600","400","1","0","2496","1920","-23.1","outsourced"
"שמשונית","800","300","1","0","2496","1920","-23.1","outsourced"
"שמשונית","450","450","1","0","2100","1620","-22.9","outsourced"
"שמשונית","240","200","1","0","499","385","-22.8","outsourced"
"שמשונית","190","180","1","0","356","275","-22.8","outsourced"
"שמשונית","240","150","1","0","220","270","22.7","curve"
"שמשונית","300","120","1","0","220","270","22.7","curve"
"שמשונית","400","90","1","0","220","270","22.7","curve"
"שמשונית","550","75","1","0","380","295","-22.4","curve"
"שמשונית","225","150","1","0","210","255","21.4","curve"
"שמשונית","560","110","1","0","565","445","-21.2","curve"
"שמשונית","250","140","1","0","220","265","20.5","curve"
"שמשונית","350","100","1","0","220","265","20.5","curve"
"שמשונית","400","150","1","0","540","430","-20.4","curve"
"שמשונית","500","120","1","0","540","430","-20.4","curve"
"שמשונית","600","100","1","0","540","430","-20.4","curve"
"שמשונית","350","200","1","1","700","560","-20.0","outsourced"
"שמשונית","300","80","1","0","220","180","-18.2","curve"
"שמשונית","520","110","1","0","500","410","-18.0","curve"
"שמשונית","130","50","1","0","85","70","-17.6","package_min"
"שמשונית","90","75","1","0","85","70","-17.6","package_min"
"שמשונית","100","70","1","0","85","70","-17.6","package_min"
"שמשונית","140","50","1","0","85","70","-17.6","package_min"
"שמשונית","150","50","1","0","85","70","-17.6","package_min"
"שמשונית","110","72","1","0","85","70","-17.6","package_min"
"שמשונית","100","80","1","0","85","70","-17.6","package_min"
"שמשונית","90","90","1","0","85","70","-17.6","package_min"
"שמשונית","310","100","1","0","200","235","17.5","curve"
"שמשונית","30","30","1","1","60","70","16.7","package_min"
"שמשונית","170","64","1","0","110","92","-16.4","curve"
"שמשונית","380","60","1","0","200","170","-15.0","curve"
"שמשונית","375","100","1","0","245","280","14.3","curve"
"שמשונית","160","120","1","0","145","165","13.8","curve"
"שמשונית","240","80","1","0","145","165","13.8","curve"
"שמשונית","220","90","1","0","150","170","13.3","curve"
"שמשונית","350","150","1","0","435","380","-12.6","curve"
"שמשונית","100","50","1","0","80","70","-12.5","package_min"
"שמשונית","174","70","1","0","120","105","-12.5","curve"
"שמשונית","210","60","1","0","120","105","-12.5","curve"
"שמשונית","340","68","1","0","200","175","-12.5","curve"
"שמשונית","200","120","1","0","160","180","12.5","curve"
"שמשונית","240","100","1","0","160","180","12.5","curve"
"שמשונית","220","135","1","0","200","225","12.5","curve"
"שמשונית","230","130","1","0","200","225","12.5","curve"
"שמשונית","200","150","1","0","200","225","12.5","curve"
"שמשונית","250","120","1","0","200","225","12.5","curve"
"שמשונית","300","130","1","0","265","295","11.3","curve"
"שמשונית","180","100","1","0","140","155","10.7","curve"
"שמשונית","200","90","1","0","140","155","10.7","curve"
"שמשונית","230","80","1","0","140","155","10.7","curve"
"שמשונית","100","100","1","0","95","85","-10.5","curve"
"שמשונית","170","110","1","0","145","160","10.3","curve"
"שמשונית","180","135","1","0","200","180","-10.0","curve"
"שמשונית","500","100","1","0","400","360","-10.0","curve"
"שמשונית","170","70","1","0","110","100","-9.1","curve"
"שמשונית","120","80","1","1","90","82","-8.9","curve"
"שמשונית","120","80","1","1","90","82","-8.9","curve"
"שמשונית","120","90","1","0","100","92","-8.0","curve"
"שמשונית","180","60","1","0","100","92","-8.0","curve"
"שמשונית","320","150","1","0","375","345","-8.0","curve"
"שמשונית","400","120","1","0","375","345","-8.0","curve"
"שמשונית","600","80","1","0","375","345","-8.0","curve"
"שמשונית","45","35","1","0","65","70","7.7","package_min"
"שמשונית","40","40","1","0","65","70","7.7","package_min"
"שמשונית","150","115","1","0","135","145","7.4","curve"
"שמשונית","70","50","1","0","75","70","-6.7","package_min"
"שמשונית","150","150","1","1","160","170","6.3","curve"
"שמשונית","300","80","1","0","170","180","5.9","curve"
"שמשונית","700","150","1","0","800","755","-5.6","curve"
"שמשונית","255","99","1","0","180","190","5.6","curve"
"שמשונית","200","140","1","0","200","210","5.0","curve"
"שמשונית","120","100","1","1","105","100","-4.8","curve"
"שמשונית","120","100","1","0","105","100","-4.8","curve"
"שמשונית","150","80","1","0","105","100","-4.8","curve"
"שמשונית","125","100","1","0","110","105","-4.5","curve"
"שמשונית","140","90","1","0","110","105","-4.5","curve"
"שמשונית","180","70","1","0","110","105","-4.5","curve"
"שמשונית","380","80","1","0","220","230","4.5","curve"
"שמשונית","450","100","1","0","340","325","-4.4","curve"
"שמשונית","160","100","1","0","130","135","3.8","curve"
"שמשונית","200","80","1","0","130","135","3.8","curve"
"שמשונית","250","150","1","0","270","280","3.7","curve"
"שמשונית","400","100","1","0","280","290","3.6","curve"
"שמשונית","300","150","1","0","335","325","-3.0","curve"
"שמשונית","350","130","1","0","340","330","-2.9","curve"
"שמשונית","400","110","1","0","320","315","-1.6","curve"
"שמשונית","60","40","1","1","70","70","0.0","package_min"
"שמשונית","120","110","1","0","110","110","0.0","curve"
"שמשונית","150","90","1","0","115","115","0.0","curve"
"שמשונית","180","80","1","0","120","120","0.0","curve"
"שמשונית","240","60","1","0","120","120","0.0","curve"
"שמשונית","150","100","1","0","130","130","0.0","curve"
"שמשונית","200","100","1","1","150","150","0.0","curve"
"שמשונית","200","100","1","1","150","150","0.0","curve"
"שמשונית","250","100","1","0","190","190","0.0","curve"
"שמשונית","300","140","1","0","300","300","0.0","curve"
"שמשונית","350","120","1","0","300","300","0.0","curve"
"פוליגל","40","40","1","1","55","90","63.6","package_min"
"פוליגל","60","40","1","1","57","90","57.9","package_min"
"פוליגל","80","40","1","1","60","90","50.0","package_min"
"פוליגל","70","70","1","1","60","90","50.0","package_min"
"פוליגל","80","60","1","1","62","90","45.2","package_min"
"פוליגל","80","50","1","1","64","90","40.6","package_min"
"פוליגל","120","40","1","1","65","90","38.5","package_min"
"פוליגל","100","80","1","1","65","90","38.5","package_min"
"פוליגל","120","80","1","1","70","90","28.6","package_min"
"פוליגל","40","40","10","1","295","295","0.0","tier"
"פוליגל","120","80","10","1","470","470","0.0","tier"
