row_key,name,family,width_cm,height_cm,qty,current_price,current_source,engine_name,engine_price,binding_rule,target_price,target_source,delta_current_pct,delta_target_pct,flag,notes
כרטיסי ביקור 10.000 יחי,כרטיסי ביקור 10.000 יחי,כרטיסי ביקור,,,0,2320,senzey_price,,,,,,,,NO_ENGINE,
כרטיסי ביקור 20.000 יחי,כרטיסי ביקור 20.000 יחי,כרטיסי ביקור,,,0,4639,senzey_price,,,,,,,,NO_ENGINE,
130 גרם נייר A5,130 גרם נייר A5,אחר,,,1,2,senzey_price,,,,,,,,NO_ENGINE,
דף A3 צבעוני 80 גר,דף A3 צבעוני 80 גר,אחר,,,1,5,senzey_price,,,,,,,,NO_ENGINE,
הדבקה,הדבקה,אחר,,,1,806.84,senzey_price,,,,,,,,NO_ENGINE,
הדפסה A4 תפריטים,הדפסה A4 תפריטים,אחר,,,1,7,senzey_price,,,,,,,,NO_ENGINE,
הדפסה חוברת סיכות A4 נייר 80 גר 50 דפים,הדפסה חוברת סיכות A4 נייר 80 גר 50 דפים,אחר,,,1,100,site_price,,,,,,,,NO_ENGINE,
הדפסה חוברת ספירלה A4 נייר 80 גר 100 דפים,הדפסה חוברת ספירלה A4 נייר 80 גר 100 דפים,אחר,,,1,175,senzey_price,,,,,,,,NO_ENGINE,
הדפסה חוברת ספירלה A4 נייר 80 גר 200 דפים,הדפסה חוברת ספירלה A4 נייר 80 גר 200 דפים,אחר,,,1,325,senzey_price,,,,,,,,NO_ENGINE,
הדפסה חוברת ספירלה A4 נייר 80 גר 50 דפים,הדפסה חוברת ספירלה A4 נייר 80 גר 50 דפים,אחר,,,1,100,senzey_price,,,,,,,,NO_ENGINE,
הוספת טבעות,הוספת טבעות,אחר,,,1,22.19,senzey_price,,,,,,,,NO_ENGINE,
הנחה,הנחה,אחר,,,1,50.43,senzey_price,,,,,,,,NO_ENGINE,
התקנה,התקנה,אחר,,,1,,,,,,,,,,NO_ENGINE,
new-engraving,חריטת שלטים,אחר,,,1,,,,,,,,,,NO_ENGINE,
כללי,כללי,אחר,,,1,0,site_price,,,,,,,,NO_ENGINE,
מוצרי דפוס,מוצרי דפוס,אחר,,,1,,,,,,,,,,NO_ENGINE,
מזגרד,מזגרד,אחר,,,1,,,,,,,,,,NO_ENGINE,
משלוח,משלוח,אחר,,,1,49,senzey_price,,,,,,,,NO_ENGINE,
סיכות,סיכות,אחר,,,1,25.21,senzey_price,,,,,,,,NO_ENGINE,
עבודה,עבודה,אחר,,,1,200,senzey_price,,,,,,,,NO_ENGINE,
פוסטר נייר A3,פוסטר נייר A3,אחר,,,1,12,senzey_price,,,,,,,,NO_ENGINE,
פוסטר נייר A4,פוסטר נייר A4,אחר,,,1,10,senzey_price,,,,,,,,NO_ENGINE,
צילום,צילום,אחר,,,1,0,senzey_price,,,,,,,,NO_ENGINE,
צילום בית הכנסת,צילום בית הכנסת,אחר,,,1,600,senzey_price,,,,,,,,NO_ENGINE,
שירות עיצוב גרפי,שירות עיצוב גרפי,אחר,,,1,100,site_price,,,,,,,,NO_ENGINE,
שירות עיצוב גרפי לאלבום דיגיטלי,שירות עיצוב גרפי לאלבום דיגיטלי,אחר,,,1,300,site_price,,,,,,,,NO_ENGINE,
שירות עיצוב גרפי לפולדרים,שירות עיצוב גרפי לפולדרים,אחר,,,1,120,site_price,,,,,,,,NO_ENGINE,
שקית 1 ליטר צהוב ES3 ECO,שקית 1 ליטר צהוב ES3 ECO,אחר,,,1,129.8,senzey_price,,,,,,,,NO_ENGINE,
new-eng-plans,"תוכניות הנדסיות — 54 ₪/מ""ר",אחר,,,1,,,,,,,,,,NO_ENGINE,
תיקון דף באלבום,תיקון דף באלבום,אחר,,,1,,,,,,,,,,NO_ENGINE,
אלבום,אלבום,אלבומים,,,1,81,senzey_price,,,,,,,,NO_ENGINE,
אלבום דיגיטלי 12 תמונות,אלבום דיגיטלי 12 תמונות,אלבומים,,,1,116,senzey_price,,,,,,,,NO_ENGINE,
גראפיקה,גראפיקה,גרפיקה,,,1,,,,,,,,,,NO_ENGINE,
גרפיקה,גרפיקה,גרפיקה,,,1,100,senzey_price,,,,,,,,NO_ENGINE,
"10 בלוקים הדפסה צבעוני 100 דפים A5,","10 בלוקים הדפסה צבעוני 100 דפים A5,",דפים,,,1,557,senzey_price,,,,,,,,NO_ENGINE,
10 בלוקים הדפסה צבעונית 100 דפים,10 בלוקים הדפסה צבעונית 100 דפים,דפים,,,1,696,senzey_price,,,,,,,,NO_ENGINE,
10 בלוקים הדפסה שחור לבן 100 דפים A4,10 בלוקים הדפסה שחור לבן 100 דפים A4,דפים,,,1,464,senzey_price,,,,,,,,NO_ENGINE,
10 בלוקים הדפסה שחור לבן 100 דפים A5,10 בלוקים הדפסה שחור לבן 100 דפים A5,דפים,,,1,406,senzey_price,,,,,,,,NO_ENGINE,
10בלוקים הדפסה צבעוני 100 דפים A5,10בלוקים הדפסה צבעוני 100 דפים A5,דפים,,,1,550,senzey_price,,,,,,,,NO_ENGINE,
130 גרם נייר A4,130 גרם נייר A4,דפים,,,1,3,senzey_price,,,,,,,,NO_ENGINE,
5 בלוקים 100 דפים A4,5 בלוקים 100 דפים A4,דפים,,,1,348,senzey_price,,,,,,,,NO_ENGINE,
5 בלוקים הדפסה צבעונית 100 דפים,5 בלוקים הדפסה צבעונית 100 דפים,דפים,,,1,580,senzey_price,,,,,,,,NO_ENGINE,
"5 בלוקים הדפסה שחור לבן 100 דפים A5, A5, Memopages 5 blocks100pages","5 בלוקים הדפסה שחור לבן 100 דפים A5, A5, Memopages 5 blocks100pages",דפים,,,1,290,senzey_price,,,,,,,,NO_ENGINE,
5 בלוקים הדפסהצבעוני 100 דפים A5,5 בלוקים הדפסהצבעוני 100 דפים A5,דפים,,,1,371,senzey_price,,,,,,,,NO_ENGINE,
A5 דף כרומו 300 גרם,A5 דף כרומו 300 גרם,דפים,,,1,3,senzey_price,,,,,,,,NO_ENGINE,
גלויה,גלויה,דפים,,,1,1,senzey_price,,,,,,,,NO_ENGINE,
דף 130 גרם A3,דף 130 גרם A3,דפים,,,1,3,senzey_price,,,,,,,,NO_ENGINE,
דף 80 גרם A3,דף 80 גרם A3,דפים,,,1,3,senzey_price,,,,,,,,NO_ENGINE,
דף A3 כרומו עם למינציה,דף A3 כרומו עם למינציה,דפים,,,1,11,senzey_price,,,,,,,,NO_ENGINE,
דף A4 צבעוני,דף A4 צבעוני,דפים,,,1,2,senzey_price,,,,,,,,NO_ENGINE,
דף A4 שחור לבן,דף A4 שחור לבן,דפים,,,1,1,senzey_price,,,,,,,,NO_ENGINE,
הדפסה A3 עם ביג ולמנציה,הדפסה A3 עם ביג ולמנציה,דפים,,,1,12,senzey_price,,,,,,,,NO_ENGINE,
הדפסה דף A4 צבעוני,הדפסה דף A4 צבעוני,דפים,,,1,2,senzey_price,,,,,,,,NO_ENGINE,
הדפסה חוברת ספירלה A4 נייר 80 גר 30 דפים,הדפסה חוברת ספירלה A4 נייר 80 גר 30 דפים,דפים,,,1,70,senzey_price,,,,,,,,NO_ENGINE,
הדפסה על דף 300 גרם A3,הדפסה על דף 300 גרם A3,דפים,,,1,6,senzey_price,,,,,,,,NO_ENGINE,
הדפסה על דף A4 על דף כרומו 300 גרם,הדפסה על דף A4 על דף כרומו 300 גרם,דפים,,,1,5,senzey_price,,,,,,,,NO_ENGINE,
הדפסת דפי ממו 20 בלוקים 100 דפים A5,הדפסת דפי ממו 20 בלוקים 100 דפים A5,דפים,,,1,429,senzey_price,,,,,,,,NO_ENGINE,
הזמנה לחתונה,הזמנה לחתונה,דפים,,,1,2,senzey_price,,,,,,,,NO_ENGINE,
חוברות לימוד,חוברות לימוד,דפים,,,1,14,senzey_price,,,,,,,,NO_ENGINE,
חוברת A4,חוברת A4,דפים,,,1,,,,,,,,,,NO_ENGINE,
סט קלפים גובה 12.5 סמ רוחב 3 סמ,סט קלפים גובה 12.5 ס״מ רוחב 3 ס״מ,דפים,,,1,52,senzey_price,,,,,,,,NO_ENGINE,
פרוספקטים שקופים עומדים לדפי A4 מסגרת,פרוספקטים שקופים עומדים לדפי A4 מסגרת,דפים,,,1,70,senzey_price,,,,,,,,NO_ENGINE,
הדפסת תוכניות הנדסיות - לפי מטר רץ,הדפסת תוכניות הנדסיות - לפי מטר רץ,הדפסה,,,1,54,senzey_price,,,,,,,,NO_ENGINE,
אבן בזלת,אבן בזלת,הדפסה על חפצים,,,1,,,,,,,,,,NO_ENGINE,
דגל,דגל,הדפסה על חפצים,,,1,,,,,,,,,,NO_ENGINE,
הדפס על בקבוקי יין,הדפס על בקבוקי יין,הדפסה על חפצים,,,1,78,senzey_price,,,,,,,,NO_ENGINE,
הדפס על כובעים,הדפס על כובעים,הדפסה על חפצים,,,1,100,senzey_price,,,,,,,,NO_ENGINE,
הדפסה על טרמוסים,הדפסה על טרמוסים,הדפסה על חפצים,,,1,100,senzey_price,,,,,,,,NO_ENGINE,
הדפסה על כרית,הדפסה על כרית,הדפסה על חפצים,,,1,96,senzey_price,,,,,,,,NO_ENGINE,
הדפסה על עט,הדפסה על עט,הדפסה על חפצים,,,1,3,senzey_price,,,,,,,,NO_ENGINE,
הדפסה על עטים,הדפסה על עטים,הדפסה על חפצים,,,1,2.9,senzey_price,,,,,,,,NO_ENGINE,
הדפסה על פד לעכבר,הדפסה על פד לעכבר,הדפסה על חפצים,,,1,60,senzey_price,,,,,,,,NO_ENGINE,
הדפסת תמונות על תיק,הדפסת תמונות על תיק,הדפסה על חפצים,,,1,60,senzey_price,,,,,,,,NO_ENGINE,
טג שם,טג שם,הדפסה על חפצים,,,1,,,,,,,,,,NO_ENGINE,
לוח שנה,לוח שנה,הדפסה על חפצים,,,1,,,,,,,,,,NO_ENGINE,
מגן,מגן,הדפסה על חפצים,,,1,,,,,,,,,,NO_ENGINE,
מסגרת A4,מסגרת A4,הדפסה על חפצים,,,1,,,,,,,,,,NO_ENGINE,
פד לעכבר עם תמונה אישית,פד לעכבר עם תמונה אישית,הדפסה על חפצים,,,1,60,senzey_price,,,,,,,,NO_ENGINE,
הדפסה על לוקובונד,הדפסה על לוקובונד,הדפסה על לוקובונד,,,1,,,,,,,,,,NO_ENGINE,
"10 פנקסים הזמנת עבודה A4 מקור + 2 העתקים,","10 פנקסים הזמנת עבודה A4 מקור + 2 העתקים,",הזמנות,,,1,418,senzey_price,,,,,,,,NO_ENGINE,
הדפסה על זכוכית – דת – ברכת הבית – הרב עובדיה יוסף,הדפסה על זכוכית – דת – ברכת הבית – הרב עובדיה יוסף,זכוכית,,,1,130,senzey_price,,,,,,,,,
הדפסה על זכוכית – דת – ברכת העסק – הרב עובדיה יוסף,הדפסה על זכוכית – דת – ברכת העסק – הרב עובדיה יוסף,זכוכית,,,1,62,senzey_price,,,,,,,,,
הדפסה על חולצה,הדפסה על חולצה,חולצה,,,1,57,senzey_price,,,,,,,,NO_ENGINE,
הדפסה על חולצות דרייפיט/כותנה,הדפסה על חולצות דרייפיט/כותנה,חולצה,,,1,63,senzey_price,,,,,,,,NO_ENGINE,
הדפסה על חולצות חורף - קפוצון,הדפסה על חולצות חורף - קפוצ'ון,חולצה,,,1,60,senzey_price,,,,,,,,NO_ENGINE,
הדפסה על חולצות לבית ספר,הדפסה על חולצות לבית ספר,חולצה,,,1,50,senzey_price,,,,,,,,NO_ENGINE,
הדפסה על חולצות לבר/בת מצווה,הדפסה על חולצות לבר/בת מצווה,חולצה,,,1,50,senzey_price,,,,,,,,NO_ENGINE,
הדפסה על חולצות לגני ילדים,הדפסה על חולצות לגני ילדים,חולצה,,,1,50,senzey_price,,,,,,,,NO_ENGINE,
הדפסה על חולצות לדיגיי,הדפסה על חולצות לדיג'יי,חולצה,,,1,50,senzey_price,,,,,,,,NO_ENGINE,
הדפסה על חולצות לחתונה,הדפסה על חולצות לחתונה,חולצה,,,1,50,senzey_price,,,,,,,,NO_ENGINE,
הדפסה על חולצות לטיול שנתי,הדפסה על חולצות לטיול שנתי,חולצה,,,1,50,senzey_price,,,,,,,,NO_ENGINE,
הדפסה על חולצות ליום הולדת,הדפסה על חולצות ליום הולדת,חולצה,,,1,50,senzey_price,,,,,,,,NO_ENGINE,
הדפסה על חולצות לימי גיבוש,הדפסה על חולצות לימי גיבוש,חולצה,,,1,50,senzey_price,,,,,,,,NO_ENGINE,
הדפסה על חולצות למסיבת רווקים ורווקות,הדפסה על חולצות למסיבת רווקים ורווקות,חולצה,,,1,50,senzey_price,,,,,,,,NO_ENGINE,
הדפסה על חולצות למפיקי אירועים,הדפסה על חולצות למפיקי אירועים,חולצה,,,1,50,senzey_price,,,,,,,,NO_ENGINE,
הדפסה על חולצות לעסק שלך,הדפסה על חולצות לעסק שלך,חולצה,,,1,50,senzey_price,,,,,,,,NO_ENGINE,
הדפסה על חולצות מכוני כושר,הדפסה על חולצות מכוני כושר,חולצה,,,1,50,senzey_price,,,,,,,,NO_ENGINE,
הדפסה על חולצות סוף מסלול,הדפסה על חולצות סוף מסלול,חולצה,,,1,50,senzey_price,,,,,,,,NO_ENGINE,
הדפסה על חולצות צלמים וצלמות,הדפסה על חולצות צלמים וצלמות,חולצה,,,1,50,senzey_price,,,,,,,,NO_ENGINE,
שירות עיצוב גרפי לחולצה,שירות עיצוב גרפי לחולצה,חולצה,,,1,50,site_price,,,,,,,,NO_ENGINE,
חותמת,חותמת,חותמות,,,1,90,senzey_price,,,,,,,,NO_ENGINE,
חותמת P,חותמת P,חותמות,,,1,119,senzey_price,,,,,,,,NO_ENGINE,
חותמת P60,חותמת P60,חותמות,,,1,143,senzey_price,,,,,,,,NO_ENGINE,
חותמת לעורך דין בעיצוב אישי,חותמת לעורך דין בעיצוב אישי,חותמות,,,1,90,site_price,,,,,,,,NO_ENGINE,
חותמת משרדית לרופא בעיצוב אישי,חותמת משרדית לרופא בעיצוב אישי,חותמות,,,1,90,site_price,,,,,,,,NO_ENGINE,
"חותמת משרדית רואי חשבון,","חותמת משרדית רואי חשבון,",חותמות,,,1,90,site_price,,,,,,,,NO_ENGINE,
חותמת עגולה,חותמת עגולה,חותמות,,,1,160,site_price,,,,,,,,NO_ENGINE,
חותמת עגולה R 542,חותמת עגולה R 542,חותמות,,,1,160,senzey_price,,,,,,,,NO_ENGINE,
הדפסה על ספל כוסות,הדפסה על ספל כוסות,כוסות,,,1,70,senzey_price,,,,52,יעד כיווני: 70 → 49–55,,34.6,NO_ENGINE,
כרטיסי ביקור,כרטיסי ביקור,כרטיסי ביקור,,,1,,,,,,,,,,NO_ENGINE,
הדפסה על מגנט יחידות A5 5000,הדפסה על מגנט יחידות A5 5000,מגנטים,,,1,7900,senzey_price,,,,,,,,NO_ENGINE,
הדפסת מגנט,הדפסת מגנט,מגנטים,,,1,,,,,,,,,,NO_ENGINE,
כרטיסי ביקור מגנט,כרטיסי ביקור מגנט,מגנטים,,,1,,,,,,,,,,NO_ENGINE,
"כרטיסי ביקור מגנט 2000, 1000","כרטיסי ביקור מגנט 2000, 1000",מגנטים,,,1,650,senzey_price,,,,,,,,NO_ENGINE,
כרטיסיות מגנטים,כרטיסיות מגנטים,מגנטים,,,1,35,senzey_price,,,,,,,,NO_ENGINE,
מגנט לאוטו זוג,מגנט לאוטו זוג,מגנטים,,,1,253,senzey_price,,,,,,,,NO_ENGINE,
שקית 1 ליטר מגנטה ES3 ECO,שקית 1 ליטר מג'נטה ES3 ECO,מגנטים,,,1,129.8,senzey_price,,,,,,,,NO_ENGINE,
מדבקות לבקבוק יין בעיצוב אישי לחתונות ואירועים,מדבקות לבקבוק יין בעיצוב אישי לחתונות ואירועים,מדבקות,,,1,75,senzey_price,,,,,,,,,
מדבקות לרכב בעיצוב אישי - חלון אחורי,מדבקות לרכב בעיצוב אישי - חלון אחורי,מדבקות,,,1,249,senzey_price,,,,,,,,,
פאזל,פאזל,מתנות,,,1,60,senzey_price,,,,,,,,NO_ENGINE,
"הדפסה פולדר צד אחד עם למינציה, כיס אחד לפי יחידות","הדפסה פולדר צד אחד עם למינציה, כיס אחד לפי יחידות",פולדר,,,1,15,senzey_price,,,,,,,,NO_ENGINE,
פולדר לגנים לסוף שנה A3 - ללא למנציה,פולדר לגנים לסוף שנה A3 - ללא למנציה,פולדר,,,1,7,senzey_price,,,,,,,,NO_ENGINE,
פולדר לגנים לסוף שנה A3 - עם למינציה,פולדר לגנים לסוף שנה A3 - עם למינציה,פולדר,,,1,10,senzey_price,,,,,,,,NO_ENGINE,
פולדר לגנים לסוף שנה A4 ללא למנציה,פולדר לגנים לסוף שנה A4 ללא למנציה,פולדר,,,1,5,senzey_price,,,,,,,,NO_ENGINE,
פולדר לגנים לסוף שנה A4 עם למינציה,פולדר לגנים לסוף שנה A4 עם למינציה,פולדר,,,1,7,senzey_price,,,,,,,,NO_ENGINE,
שירות עיצוב גרפי לפליירים,שירות עיצוב גרפי לפליירים,פליירים,,,1,120,site_price,,,,,,,,,
"10 פנקסים יומן עבודה A4 מקור + 2 העתקים,","10 פנקסים יומן עבודה A4 מקור + 2 העתקים,",פנקסים,,,1,418,senzey_price,,,,,,,,,
לפי חשבונית מס,לפי חשבונית מס,פנקסים,,,1,,,,,,,,,,NO_PRICE,
הדפסה על קאפה,הדפסה על קאפה,קאפה,,,1,,,,,,,,,,NO_PRICE,
הדפסה על קנבס,הדפסה על קנבס,קנבס,,,1,,,,,,,,,,NO_PRICE,
הדפסה על קנבס – דת – ברכת הבית – הרב עובדיה יוסף,הדפסה על קנבס – דת – ברכת הבית – הרב עובדיה יוסף,קנבס,,,1,62,senzey_price,,,,,,,,,
הדפסה על קנבס – דת – ברכת העסק – הרב עובדיה יוסף,הדפסה על קנבס – דת – ברכת העסק – הרב עובדיה יוסף,קנבס,,,1,62,senzey_price,,,,,,,,,
דוכן מכירות ממותג נייד מתקפל כולל תיק נשיאה עמדה לקידום מכירות,דוכן מכירות ממותג נייד מתקפל כולל תיק נשיאה עמדה לקידום מכירות,רול אפ,,,1,850,senzey_price,,,,,,,,NO_ENGINE,
עמדת שירות,עמדת שירות,רול אפ,,,1,977,senzey_price,,,,,,,,NO_ENGINE,
הדפסת שלט PVS,הדפסת שלט PVS,שלטי PVC,,,1,,,,,,,,,,NO_PRICE,
הדפסה על חולצות 10 יח דרייפיט/כותנה,הדפסה על חולצות 10 יח דרייפיט/כותנה,חולצה,,,10,600,senzey_price,,,,,,,,NO_ENGINE,
הדפסה על חולצות חורף - קפוצון 10 יח,הדפסה על חולצות חורף - קפוצ'ון  10 יח,חולצה,,,10,600,senzey_price,,,,,,,,NO_ENGINE,
כרטיסי ביקור 50 יחי,כרטיסי ביקור 50 יחי,כרטיסי ביקור,,,50,119,senzey_price,,,,,,,,NO_ENGINE,
כרטיסי ביקור 100 יחי,כרטיסי ביקור 100 יחי,כרטיסי ביקור,,,100,157,senzey_price,,,,,,,,NO_ENGINE,
"100 יחידות פולדר הדפסה צד אחד עם כיס 1 עם למינציה,","100 יחידות פולדר הדפסה צד אחד עם כיס 1 עם למינציה,",פולדר,,,100,1000,senzey_price,,,,700,יעד כיווני: 1000 → ~700,,42.9,NO_ENGINE,
כרטיסי ביקור 150 יחי,כרטיסי ביקור 150 יחי,כרטיסי ביקור,,,150,130,senzey_price,,,,,,,,NO_ENGINE,
200 יחידות כרטיסיות עם תלישה,200 יחידות כרטיסיות עם תלישה,דפים,,,200,290,senzey_price,,,,,,,,NO_ENGINE,
הדפסה על מגנט 200 יחי,הדפסה על מגנט 200 יחי,מגנטים,,,200,186,senzey_price,,,,,,,,NO_ENGINE,
כרטיסי ביקור 300 יחי,כרטיסי ביקור 300 יחי,כרטיסי ביקור,,,300,150,senzey_price,,,,,,,,NO_ENGINE,
"כרטיסי ביקור מגנט, 300 יחי","כרטיסי ביקור מגנט, 300 יחי",מגנטים,,,300,186,senzey_price,,,,,,,,NO_ENGINE,
כרטיסי ביקור 400 יחי,כרטיסי ביקור 400 יחי,כרטיסי ביקור,,,400,151,senzey_price,,,,,,,,NO_ENGINE,
500 יחידות עטים,500 יחידות עטים,הדפסה על חפצים,,,500,2146,senzey_price,,,,1025,יעד כיווני: 2146 → 950–1100,,109.4,NO_ENGINE,
כרטיס ביקור 500 יחי,כרטיס ביקור 500 יחי,כרטיסי ביקור,,,500,161,senzey_price,,,,,,,,NO_ENGINE,
כרטיסי ביקור 500 יחי,כרטיסי ביקור 500 יחי,כרטיסי ביקור,,,500,161,senzey_price,,,,,,,,NO_ENGINE,
כרטיס ביקור מגנט 500 יחי,כרטיס ביקור מגנט 500 יחי,מגנטים,,,500,186,senzey_price,,,,,,,,NO_ENGINE,
1000 יחידות פולדר הדפסה דו צדדי עם כיס 1 עם למינציה לבן,1000 יחידות פולדר הדפסה דו צדדי עם כיס 1 עם למינציה לבן,אחר,,,1000,6000,senzey_price,,,,,,,,NO_ENGINE,
כרטיס ביקור 1000 יחי,כרטיס ביקור 1000 יחי,כרטיסי ביקור,,,1000,276,senzey_price,,,,210,יעד כיווני: 276 → ~210,,31.4,NO_ENGINE,
כרטיס ביקור 1000יח לקה סלקטיבית,כרטיס ביקור 1000יח לקה סלקטיבית,כרטיסי ביקור,,,1000,754,senzey_price,,,,210,יעד כיווני: 276 → ~210,,259,NO_ENGINE,
כרטיסי ביקור 1000 יחי,כרטיסי ביקור 1000 יחי,כרטיסי ביקור,,,1000,276,senzey_price,,,,210,יעד כיווני: 276 → ~210,,31.4,NO_ENGINE,
כרטיס ביקור מגנט 1000 יחי,כרטיס ביקור מגנט 1000 יחי,מגנטים,,,1000,348,senzey_price,,,,,,,,NO_ENGINE,
1000 יחידות פולדר הדפסה צד אחד עם כיס 1 עם למינציה,1000 יחידות פולדר הדפסה צד אחד עם כיס 1 עם למינציה,פולדר,,,1000,4639,senzey_price,,,,,,,,NO_ENGINE,
"1000 יחידות פולדר הדפסה צד אחד עם כיס 2 עם למינציה,","1000 יחידות פולדר הדפסה צד אחד עם כיס 2 עם למינציה,",פולדר,,,1000,5219,senzey_price,,,,,,,,NO_ENGINE,
"הדפסה פולדר דו צדדי עם למינציה, כיס אחד 1000 יחידות","הדפסה פולדר דו צדדי עם למינציה, כיס אחד 1000 יחידות",פולדר,,,1000,7200,senzey_price,,,,,,,,NO_ENGINE,
"הדפסה פולדר צד אחד עם למינציה, כיס אחד 1000 יחידות","הדפסה פולדר צד אחד עם למינציה, כיס אחד 1000 יחידות",פולדר,,,1000,5900,senzey_price,,,,,,,,NO_ENGINE,
כרטיסי ביקור 3000 יחי,כרטיסי ביקור 3000 יחי,כרטיסי ביקור,,,3000,696,senzey_price,,,,,,,,NO_ENGINE,
כרטיסי ביקור 5000 יחי,כרטיסי ביקור 5000 יחי,כרטיסי ביקור,,,5000,1102,senzey_price,,,,850,יעד כיווני: ~850,,29.6,NO_ENGINE,
כרטיסי ביקור מגנט 20000 יחי,כרטיסי ביקור מגנט 20000 יחי,מגנטים,,,20000,4400,senzey_price,,,,,,,,NO_ENGINE,
הדפסת מדבקות בעיצוב אישי עם הלוגו שלכם קוטר 3-3 סמ,הדפסת מדבקות בעיצוב אישי עם הלוגו שלכם קוטר 3-3 ס''מ 100 יחידות,מדבקות,3,3,100,115,senzey_price,anchor_curve,115,מחיר עוגן,,,0,,,
הדפסת מדבקות בעיצוב אישי עם הלוגו שלכם קוטר 3-3 סמ-q150,הדפסת מדבקות בעיצוב אישי עם הלוגו שלכם קוטר 3-3 ס''מ 150 יחידות,מדבקות,3,3,150,122,senzey_price,anchor_curve,122,מחיר עוגן,,,0,,,
הדפסת מדבקות בעיצוב אישי עם הלוגו שלכם קוטר 3-3 סמ-q200,הדפסת מדבקות בעיצוב אישי עם הלוגו שלכם קוטר 3-3 ס''מ 200 יחידות,מדבקות,3,3,200,134,senzey_price,anchor_curve,134,מחיר עוגן,,,0,,,
הדפסת מדבקות בעיצוב אישי עם הלוגו שלכם קוטר 3-3 סמ-q250,הדפסת מדבקות בעיצוב אישי עם הלוגו שלכם קוטר 3-3 ס''מ 250 יחידות,מדבקות,3,3,250,150,senzey_price,anchor_curve,150,מחיר עוגן,,,0,,,
הדפסת מדבקות בעיצוב אישי עם הלוגו שלכם קוטר 3-3 סמ-q500,הדפסת מדבקות בעיצוב אישי עם הלוגו שלכם קוטר 3-3 ס''מ 500 יחידות,מדבקות,3,3,500,210,senzey_price,anchor_curve,210,מחיר עוגן,,,0,,,
הדפסת מדבקות בעיצוב אישי עם הלוגו שלכם קוטר 3-3 סמ-q1000,הדפסת מדבקות בעיצוב אישי עם הלוגו שלכם קוטר 3-3 ס''מ 1000 יחידות,מדבקות,3,3,1000,315,senzey_price,anchor_curve,299,מחיר עוגן,299,מדרגת 1000 מאושרת,-5.1,0,REVIEW,
הדפסת מדבקות בעיצוב אישי עם הלוגו שלכם קוטר 4-4 סמ,הדפסת מדבקות בעיצוב אישי עם הלוגו שלכם קוטר 4-4 ס''מ 100 יחידות,מדבקות,4,4,100,121,senzey_price,anchor_curve,121,מחיר עוגן,,,0,,,
הדפסת מדבקות בעיצוב אישי עם הלוגו שלכם קוטר 4-4 סמ-q150,הדפסת מדבקות בעיצוב אישי עם הלוגו שלכם קוטר 4-4 ס''מ 150 יחידות,מדבקות,4,4,150,128,senzey_price,anchor_curve,128,מחיר עוגן,,,0,,,
הדפסת מדבקות בעיצוב אישי עם הלוגו שלכם קוטר 4-4 סמ-q200,הדפסת מדבקות בעיצוב אישי עם הלוגו שלכם קוטר 4-4 ס''מ 200 יחידות,מדבקות,4,4,200,140,senzey_price,anchor_curve,140,מחיר עוגן,,,0,,,
הדפסת מדבקות בעיצוב אישי עם הלוגו שלכם קוטר 4-4 סמ-q250,הדפסת מדבקות בעיצוב אישי עם הלוגו שלכם קוטר 4-4 ס''מ 250 יחידות,מדבקות,4,4,250,156,senzey_price,anchor_curve,155,מחיר עוגן,,,-0.6,,,
הדפסת מדבקות בעיצוב אישי עם הלוגו שלכם קוטר 4-4 סמ-q500,הדפסת מדבקות בעיצוב אישי עם הלוגו שלכם קוטר 4-4 ס''מ 500 יחידות,מדבקות,4,4,500,220,senzey_price,anchor_curve,220,מחיר עוגן,,,0,,,
הדפסת מדבקות בעיצוב אישי עם הלוגו שלכם קוטר 4-4 סמ-q1000,הדפסת מדבקות בעיצוב אישי עם הלוגו שלכם קוטר 4-4 ס''מ 1000 יחידות,מדבקות,4,4,1000,330,senzey_price,anchor_curve,310,מחיר עוגן,310,מדרגת 1000 מאושרת,-6.1,0,REVIEW,
הדפסת שלט גודל 7.5/2.5,הדפסת שלט גודל 7.5/2.5,אחר,7.5,2.5,1,30.26,senzey_price,,,,,,,,NO_ENGINE,
הדפסת מדבקות בעיצוב אישי עם הלוגו שלכם קוטר 5-5 סמ,הדפסת מדבקות בעיצוב אישי עם הלוגו שלכם קוטר 5-5 ס''מ 100 יחידות,מדבקות,5,5,100,126,senzey_price,anchor_curve,126,מחיר עוגן,,,0,,,
הדפסת מדבקות בעיצוב אישי עם הלוגו שלכם קוטר 5-5 סמ-q150,הדפסת מדבקות בעיצוב אישי עם הלוגו שלכם קוטר 5-5 ס''מ 150 יחידות,מדבקות,5,5,150,134,senzey_price,anchor_curve,134,מחיר עוגן,,,0,,,
הדפסת מדבקות בעיצוב אישי עם הלוגו שלכם קוטר 5-5 סמ-q200,הדפסת מדבקות בעיצוב אישי עם הלוגו שלכם קוטר 5-5 ס''מ 200 יחידות,מדבקות,5,5,200,147,senzey_price,anchor_curve,145,מחיר עוגן,,,-1.4,,,
הדפסת מדבקות בעיצוב אישי עם הלוגו שלכם קוטר 5-5 סמ-q250,הדפסת מדבקות בעיצוב אישי עם הלוגו שלכם קוטר 5-5 ס''מ 250 יחידות,מדבקות,5,5,250,163,senzey_price,anchor_curve,165,מחיר עוגן,,,1.2,,,
הדפסת מדבקות בעיצוב אישי עם הלוגו שלכם קוטר 5-5 סמ-q500,הדפסת מדבקות בעיצוב אישי עם הלוגו שלכם קוטר 5-5 ס''מ 500 יחידות,מדבקות,5,5,500,230,senzey_price,anchor_curve,230,מחיר עוגן,,,0,,,
הדפסת מדבקות בעיצוב אישי עם הלוגו שלכם קוטר 5-5 סמ-q1000,הדפסת מדבקות בעיצוב אישי עם הלוגו שלכם קוטר 5-5 ס''מ 1000 יחידות,מדבקות,5,5,1000,345,senzey_price,anchor_curve,345,מחיר עוגן,345,מדרגת 1000 מאושרת,0,0,,
הדפסת מדבקות בעיצוב אישי עם הלוגו שלכם קוטר 6-6 סמ,הדפסת מדבקות בעיצוב אישי עם הלוגו שלכם קוטר 6-6 ס''מ 100 יחידות,מדבקות,6,6,100,137,senzey_price,anchor_curve,137,מחיר עוגן,,,0,,,
הדפסת מדבקות בעיצוב אישי עם הלוגו שלכם קוטר 6-6 סמ-q150,הדפסת מדבקות בעיצוב אישי עם הלוגו שלכם קוטר 6-6 ס''מ 150 יחידות,מדבקות,6,6,150,146,senzey_price,anchor_curve,145,מחיר עוגן,,,-0.7,,,
הדפסת מדבקות בעיצוב אישי עם הלוגו שלכם קוטר 6-6 סמ-q200,הדפסת מדבקות בעיצוב אישי עם הלוגו שלכם קוטר 6-6 ס''מ 200 יחידות,מדבקות,6,6,200,160,senzey_price,anchor_curve,160,מחיר עוגן,,,0,,,
הדפסת מדבקות בעיצוב אישי עם הלוגו שלכם קוטר 6-6 סמ-q250,הדפסת מדבקות בעיצוב אישי עם הלוגו שלכם קוטר 6-6 ס''מ 250 יחידות,מדבקות,6,6,250,178,senzey_price,anchor_curve,175,מחיר עוגן,,,-1.7,,,
הדפסת מדבקות בעיצוב אישי עם הלוגו שלכם קוטר 6-6 סמ-q500,הדפסת מדבקות בעיצוב אישי עם הלוגו שלכם קוטר 6-6 ס''מ 500 יחידות,מדבקות,6,6,500,270,senzey_price,anchor_curve,250,מחיר עוגן,249,תיקון נתונים מאושר,-7.4,0.4,REVIEW,
הדפסת מדבקות בעיצוב אישי עם הלוגו שלכם קוטר 6-6 סמ-q1000,הדפסת מדבקות בעיצוב אישי עם הלוגו שלכם קוטר 6-6 ס''מ 1000 יחידות,מדבקות,6,6,1000,485,senzey_price,anchor_curve,370,מחיר עוגן,370,מדרגת 1000 מאושרת,-23.7,0,REVIEW,
הדפסת מדבקות בעיצוב אישי עם הלוגו שלכם קוטר 5-8 סמ,הדפסת מדבקות בעיצוב אישי עם הלוגו שלכם קוטר 5-8 ס''מ 100 יחידות,מדבקות,5,8,100,126,senzey_price,anchor_curve,126,מחיר עוגן,,,0,,,
הדפסת מדבקות בעיצוב אישי עם הלוגו שלכם קוטר 5-8 סמ-q150,הדפסת מדבקות בעיצוב אישי עם הלוגו שלכם קוטר 5-8 ס''מ 150 יחידות,מדבקות,5,8,150,134,senzey_price,anchor_curve,134,מחיר עוגן,,,0,,,
הדפסת מדבקות בעיצוב אישי עם הלוגו שלכם קוטר 5-8 סמ-q200,הדפסת מדבקות בעיצוב אישי עם הלוגו שלכם קוטר 5-8 ס''מ 200 יחידות,מדבקות,5,8,200,147,senzey_price,anchor_curve,145,מחיר עוגן,,,-1.4,,,
הדפסת מדבקות בעיצוב אישי עם הלוגו שלכם קוטר 5-8 סמ-q250,הדפסת מדבקות בעיצוב אישי עם הלוגו שלכם קוטר 5-8 ס''מ 250 יחידות,מדבקות,5,8,250,163,senzey_price,anchor_curve,165,מחיר עוגן,,,1.2,,,
הדפסת מדבקות בעיצוב אישי עם הלוגו שלכם קוטר 5-8 סמ-q500,הדפסת מדבקות בעיצוב אישי עם הלוגו שלכם קוטר 5-8 ס''מ 500 יחידות,מדבקות,5,8,500,230,senzey_price,anchor_curve,230,מחיר עוגן,,,0,,,
הדפסת מדבקות בעיצוב אישי עם הלוגו שלכם קוטר 5-8 סמ-q1000,הדפסת מדבקות בעיצוב אישי עם הלוגו שלכם קוטר 5-8 ס''מ 1000 יחידות,מדבקות,5,8,1000,345,senzey_price,anchor_curve,345,מחיר עוגן,,,0,,,
כרטיסי ביקור 5/9 מגנט 1000,כרטיסי ביקור 5/9 מגנט 1000,מגנטים,9,5,1,348,senzey_price,,,,,,,,NO_ENGINE,
הדפסת מדבקות בעיצוב אישי עם הלוגו שלכם קוטר 5-9 סמ,הדפסת מדבקות בעיצוב אישי עם הלוגו שלכם קוטר 5-9 ס''מ 100 יחידות,מדבקות,5,9,100,154,senzey_price,anchor_curve,126,מחיר עוגן,,,-18.2,,REVIEW,
הדפסת מדבקות בעיצוב אישי עם הלוגו שלכם קוטר 5-9 סמ-q150,הדפסת מדבקות בעיצוב אישי עם הלוגו שלכם קוטר 5-9 ס''מ 150 יחידות,מדבקות,5,9,150,163,senzey_price,anchor_curve,134,מחיר עוגן,,,-17.8,,REVIEW,
הדפסת מדבקות בעיצוב אישי עם הלוגו שלכם קוטר 5-9 סמ-q200,הדפסת מדבקות בעיצוב אישי עם הלוגו שלכם קוטר 5-9 ס''מ 200 יחידות,מדבקות,5,9,200,179,senzey_price,anchor_curve,143,מחיר עוגן,,,-20.1,,REVIEW,
הדפסת מדבקות בעיצוב אישי עם הלוגו שלכם קוטר 5-9 סמ-q250,הדפסת מדבקות בעיצוב אישי עם הלוגו שלכם קוטר 5-9 ס''מ 250 יחידות,מדבקות,5,9,250,199,senzey_price,anchor_curve,157,מחיר עוגן,,,-21.1,,REVIEW,
כרטיס ביקור מגנט 9/5 500 יח,כרטיס ביקור מגנט 9/5 500 יח,מגנטים,9,5,500,196,senzey_price,,,,,,,,NO_ENGINE,
כרטיסי ביקור מגנט 500 יחי 5/9,כרטיסי ביקור מגנט 500 יחי 5/9,מגנטים,9,5,500,186,senzey_price,,,,,,,,NO_ENGINE,
הדפסת מדבקות בעיצוב אישי עם הלוגו שלכם קוטר 5-9 סמ-q500,הדפסת מדבקות בעיצוב אישי עם הלוגו שלכם קוטר 5-9 ס''מ 500 יחידות,מדבקות,5,9,500,280,senzey_price,anchor_curve,174,מחיר עוגן,174,סולם 5×9 מאושר,-37.9,0,REVIEW,
כרטיס ביקור מגנט 5/9 600 יח,כרטיס ביקור מגנט 5*9 600 יח,מגנטים,9,5,600,348,senzey_price,,,,,,,,NO_ENGINE,
הדפסת מדבקות בעיצוב אישי עם הלוגו שלכם קוטר 5-9 סמ-q1000,הדפסת מדבקות בעיצוב אישי עם הלוגו שלכם קוטר 5-9 ס''מ 1000 יחידות,מדבקות,5,9,1000,420,senzey_price,anchor_curve,245,מחיר עוגן,245,סולם 5×9 מאושר,-41.7,0,REVIEW,
כרטיסי ביקור 5/9מגנט 5000 יחי,כרטיסי ביקור 5/9מגנט 5000 יחי,מגנטים,9,5,5000,1600,senzey_price,,,,,,,,NO_ENGINE,
הדפסת מדבקות בעיצוב אישי עם הלוגו שלכם קוטר 7-7 סמ,הדפסת מדבקות בעיצוב אישי עם הלוגו שלכם קוטר 7-7 ס''מ 100 יחידות,מדבקות,7,7,100,148,senzey_price,anchor_curve,148,מחיר עוגן,,,0,,,
הדפסת מדבקות בעיצוב אישי עם הלוגו שלכם קוטר 7-7 סמ-q150,הדפסת מדבקות בעיצוב אישי עם הלוגו שלכם קוטר 7-7 ס''מ 150 יחידות,מדבקות,7,7,150,157,senzey_price,anchor_curve,155,מחיר עוגן,,,-1.3,,,
הדפסה על מגנט 200 יחי 7/7,הדפסה על מגנט 200 יחי 7/7,מגנטים,7,7,200,348,senzey_price,,,,,,,,NO_ENGINE,
הדפסת מדבקות בעיצוב אישי עם הלוגו שלכם קוטר 7-7 סמ-q200,הדפסת מדבקות בעיצוב אישי עם הלוגו שלכם קוטר 7-7 ס''מ 200 יחידות,מדבקות,7,7,200,172,senzey_price,anchor_curve,170,מחיר עוגן,,,-1.2,,,
הדפסת מדבקות בעיצוב אישי עם הלוגו שלכם קוטר 7-7 סמ-q250,הדפסת מדבקות בעיצוב אישי עם הלוגו שלכם קוטר 7-7 ס''מ 250 יחידות,מדבקות,7,7,250,192,senzey_price,anchor_curve,190,מחיר עוגן,,,-1,,,
הדפסת מדבקות בעיצוב אישי עם הלוגו שלכם קוטר 7-7 סמ-q500,הדפסת מדבקות בעיצוב אישי עם הלוגו שלכם קוטר 7-7 ס''מ 500 יחידות,מדבקות,7,7,500,270,senzey_price,anchor_curve,270,מחיר עוגן,,,0,,,
הדפסת מדבקות בעיצוב אישי עם הלוגו שלכם קוטר 7-7 סמ-q1000,הדפסת מדבקות בעיצוב אישי עם הלוגו שלכם קוטר 7-7 ס''מ 1000 יחידות,מדבקות,7,7,1000,495,senzey_price,anchor_curve,395,מחיר עוגן,,,-20.2,,REVIEW,
הדפסה על מגנט 500 יחי 10/6,הדפסה על מגנט 500 יחי 10/6,מגנטים,10,6,500,406,senzey_price,,,,,,,,NO_ENGINE,
הדפסה על מגנט 500 יחי 7/9,הדפסה על מגנט 500 יחי 7/9,מגנטים,9,7,500,500,site_price,,,,,,,,NO_ENGINE,
מגנט 9/7 500 יח,מגנט 9*7 500 יח,מגנטים,9,7,500,500,senzey_price,,,,,,,,NO_ENGINE,
הדפסת מדבקות בעיצוב אישי עם הלוגו שלכם קוטר 8-8 סמ,הדפסת מדבקות בעיצוב אישי עם הלוגו שלכם קוטר 8-8 ס''מ 100 יחידות,מדבקות,8,8,100,148,senzey_price,anchor_curve,148,מחיר עוגן,,,0,,,
הדפסת מדבקות בעיצוב אישי עם הלוגו שלכם קוטר 8-8 סמ-q150,הדפסת מדבקות בעיצוב אישי עם הלוגו שלכם קוטר 8-8 ס''מ 150 יחידות,מדבקות,8,8,150,157,senzey_price,anchor_curve,155,מחיר עוגן,,,-1.3,,,
הדפסה על מגנט 200 יחי 8/8,הדפסה על מגנט 200 יחי 8X8,מגנטים,8,8,200,151,senzey_price,,,,,,,,NO_ENGINE,
הדפסת מדבקות בעיצוב אישי עם הלוגו שלכם קוטר 8-8 סמ-q200,הדפסת מדבקות בעיצוב אישי עם הלוגו שלכם קוטר 8-8 ס''מ 200 יחידות,מדבקות,8,8,200,172,senzey_price,anchor_curve,170,מחיר עוגן,,,-1.2,,,
הדפסת מדבקות בעיצוב אישי עם הלוגו שלכם קוטר 8-8 סמ-q250,הדפסת מדבקות בעיצוב אישי עם הלוגו שלכם קוטר 8-8 ס''מ 250 יחידות,מדבקות,8,8,250,192,senzey_price,anchor_curve,190,מחיר עוגן,,,-1,,,
הדפסת מדבקות בעיצוב אישי עם הלוגו שלכם קוטר 8-8 סמ-q500,הדפסת מדבקות בעיצוב אישי עם הלוגו שלכם קוטר 8-8 ס''מ 500 יחידות,מדבקות,8,8,500,270,senzey_price,anchor_curve,270,מחיר עוגן,,,0,,,
כרטיסיות 1000 יחי 8/8,כרטיסיות 1000 יחי 8/8,כרטיסי ביקור,8,8,1000,522,senzey_price,,,,210,יעד כיווני: 276 → ~210,,148.6,NO_ENGINE,
הדפסת מדבקות בעיצוב אישי עם הלוגו שלכם קוטר 8-8 סמ-q1000,הדפסת מדבקות בעיצוב אישי עם הלוגו שלכם קוטר 8-8 ס''מ 1000 יחידות,מדבקות,8,8,1000,495,senzey_price,anchor_curve,395,מחיר עוגן,,,-20.2,,REVIEW,
הדפסה על מגנט 80 יחי 10/7,הדפסה על מגנט 80 יחי 10/7,מגנטים,10,7,80,116,senzey_price,,,,,,,,NO_ENGINE,
הדפסה על מגנט 240 יחי 10/7,הדפסה על מגנט 240 יחי 10/7,מגנטים,10,7,240,348,senzey_price,,,,,,,,NO_ENGINE,
הדפסה על מגנט 1000 יחי 10/7,הדפסה על מגנט 1000 יחי 10/7,מגנטים,10,7,1000,789,senzey_price,,,,,,,,NO_ENGINE,
הדפסה על מגנט 5000 יחי 10/7,הדפסה על מגנט 5000 יחי 10/7,מגנטים,10,7,5000,2552,senzey_price,,,,,,,,NO_ENGINE,
הדפסה על מגנטים 150יחי 7.5/9.5,הדפסה על מגנטים 150יחי 7.5/9.5,מגנטים,9.5,7.5,150,267,senzey_price,,,,,,,,NO_ENGINE,
סימניות דו צדדיות 15/5,סימניות דו צדדיות 15/5,אחר,15,5,1,1.3,senzey_price,,,,,,,,NO_ENGINE,
15.000 אלף 10/8 מגנט 5/9magnetbusiness,15.000 אלף 10/8 מגנט 5/9magnetbusiness,מגנטים,10,8,1,5700,senzey_price,,,,,,,,NO_ENGINE,
הדפסת מדבקות בעיצוב אישי עם הלוגו שלכם קוטר 9-9 סמ,הדפסת מדבקות בעיצוב אישי עם הלוגו שלכם קוטר 9-9 ס''מ 100 יחידות,מדבקות,9,9,100,154,senzey_price,anchor_curve,154,מחיר עוגן,,,0,,,
הדפסת-מדבקות-בעיצוב-אישי-עם-הלוגו-שלכם-קוטר-9-9-ס''מ-100-יחי-1786216524101,הדפסת מדבקות בעיצוב אישי עם הלוגו שלכם קוטר 9-9 ס''מ 150 יחידות ,מדבקות,9,9,150,163,senzey_price,anchor_curve,165,מחיר עוגן,,,1.2,,,
הדפסת-מדבקות-בעיצוב-אישי-עם-הלוגו-שלכם-קוטר-9-9-ס''מ-100-יחי-1786216564569,הדפסת מדבקות בעיצוב אישי עם הלוגו שלכם קוטר 9-9 ס''מ 200 יחידות ,מדבקות,9,9,200,179,senzey_price,anchor_curve,180,מחיר עוגן,,,0.6,,,
הדפסת-מדבקות-בעיצוב-אישי-עם-הלוגו-שלכם-קוטר-9-9-ס''מ-100-יחי-1786216567715,הדפסת מדבקות בעיצוב אישי עם הלוגו שלכם קוטר 9-9 ס''מ 250 יחידות ,מדבקות,9,9,250,199,senzey_price,anchor_curve,200,מחיר עוגן,,,0.5,,,
הדפסת-מדבקות-בעיצוב-אישי-עם-הלוגו-שלכם-קוטר-9-9-ס''מ-100-יחי-1786216570052,הדפסת מדבקות בעיצוב אישי עם הלוגו שלכם קוטר 9-9 ס''מ 500 יחידות ,מדבקות,9,9,500,280,senzey_price,anchor_curve,280,מחיר עוגן,,,0,,,
הדפסה על מגנט 1000 יחי 9/9,הדפסה על מגנט 1000 יחי 9/9,מגנטים,9,9,1000,920,senzey_price,,,,,,,,NO_ENGINE,
הדפסת-מדבקות-בעיצוב-אישי-עם-הלוגו-שלכם-קוטר-9-9-ס''מ-500-יחי-1786216738040,הדפסת מדבקות בעיצוב אישי עם הלוגו שלכם קוטר 9-9 ס''מ 1000 יחידות,מדבקות,9,9,1000,505,senzey_price,anchor_curve,425,מחיר עוגן,420,תיקון נתונים מאושר,-15.8,1.2,REVIEW,
הדפסה על פינקס עם מגנט דפיי ממו7/12,הדפסה על פינקס עם מגנט דפיי ממו7/12,מגנטים,12,7,1,3,senzey_price,,,,,,,,NO_ENGINE,
1000 יחידות הדפסה על מגנט 12/7,1000 יחידות הדפסה על מגנט 12/7,מגנטים,12,7,1000,900,senzey_price,,,,,,,,NO_ENGINE,
הדפסה על מגנטים 10000 יחי 10/9,הדפסה על מגנטים 10000 יחי 10/9,מגנטים,10,9,10000,4639,senzey_price,,,,,,,,NO_ENGINE,
מגנטים 10000 יחי 10/9,מגנטים 10000 יחי 10/9,מגנטים,10,9,10000,4500,senzey_price,,,,,,,,NO_ENGINE,
הדפסה על לוקובונד 8/12,הדפסה על לוקובונד 8/12,הדפסה על לוקובונד,12,8,1,,,,,,,,,,NO_ENGINE,
הדפסת מדבקות בעיצוב אישי עם הלוגו שלכם קוטר 16-6 סמ,הדפסת מדבקות בעיצוב אישי עם הלוגו שלכם קוטר 16-6 ס''מ 100 יחידות,מדבקות,16,6,100,187,senzey_price,anchor_curve,187,מחיר עוגן,,,0,,,
הדפסת מדבקות בעיצוב אישי עם הלוגו שלכם קוטר 16-6 סמ-q150,הדפסת מדבקות בעיצוב אישי עם הלוגו שלכם קוטר 16-6 ס''מ 150 יחידות,מדבקות,16,6,150,198,senzey_price,anchor_curve,200,מחיר עוגן,,,1,,,
הדפסת מדבקות בעיצוב אישי עם הלוגו שלכם קוטר 16-6 סמ-q200,הדפסת מדבקות בעיצוב אישי עם הלוגו שלכם קוטר 16-6 ס''מ 200 יחידות,מדבקות,16,6,200,217,senzey_price,anchor_curve,215,מחיר עוגן,,,-0.9,,,
הדפסת מדבקות בעיצוב אישי עם הלוגו שלכם קוטר 16-6 סמ-q250,הדפסת מדבקות בעיצוב אישי עם הלוגו שלכם קוטר 16-6 ס''מ 250 יחידות,מדבקות,16,6,250,242,senzey_price,anchor_curve,240,מחיר עוגן,,,-0.8,,,
הדפסת מדבקות בעיצוב אישי עם הלוגו שלכם קוטר 16-6 סמ-q500,הדפסת מדבקות בעיצוב אישי עם הלוגו שלכם קוטר 16-6 ס''מ 500 יחידות,מדבקות,16,6,500,340,senzey_price,anchor_curve,340,מחיר עוגן,,,0,,,
הדפסת מדבקות בעיצוב אישי עם הלוגו שלכם קוטר 16-6 סמ-q1000,הדפסת מדבקות בעיצוב אישי עם הלוגו שלכם קוטר 16-6 ס''מ 1000 יחידות,מדבקות,16,6,1000,590,senzey_price,anchor_curve,480,מחיר עוגן,,,-18.6,,REVIEW,
"הדפסה על מגנט 10/10 10,000 יח","הדפסה על מגנט 10/10 10,000 יח",מגנטים,10,10,0,4900,senzey_price,,,,,,,,NO_ENGINE,
תמונה על בלוק עץ 10/10,תמונה על בלוק עץ 10/10,בלוק עץ,10,10,1,39,senzey_price,,,,,,,,NO_ENGINE,
מגנט 10/10 50 יח,מגנט 10/10 50 יח,מגנטים,10,10,50,120,senzey_price,,,,,,,,NO_ENGINE,
100 יחידות 10/10 הדפסה על מגנט,100 יחידות 10/10 הדפסה על מגנט,מגנטים,10,10,100,200,senzey_price,,,,,,,,NO_ENGINE,
כרטיסי ביקור 100 יחי 10/10,כרטיסי ביקור 100 יחי 10/10,מגנטים,10,10,100,106,senzey_price,,,,,,,,NO_ENGINE,
הדפסת מדבקות בעיצוב אישי עם הלוגו שלכם קוטר 10-10 סמ,הדפסת מדבקות בעיצוב אישי עם הלוגו שלכם קוטר 10-10 ס''מ 100 יחידות,מדבקות,10,10,100,187,senzey_price,anchor_curve,187,מחיר עוגן,,,0,,,
הדפסת מדבקות בעיצוב אישי עם הלוגו שלכם קוטר 10-10 סמ-q150,הדפסת מדבקות בעיצוב אישי עם הלוגו שלכם קוטר 10-10 ס''מ 150 יחידות,מדבקות,10,10,150,198,senzey_price,anchor_curve,200,מחיר עוגן,,,1,,,
200 יחידות הדפסה על מגנט 10/10,200 יחידות הדפסה על מגנט 10/10,מגנטים,10,10,200,250,senzey_price,,,,,,,,NO_ENGINE,
הדפסת מדבקות בעיצוב אישי עם הלוגו שלכם קוטר 10-10 סמ-q200,הדפסת מדבקות בעיצוב אישי עם הלוגו שלכם קוטר 10-10 ס''מ 200 יחידות,מדבקות,10,10,200,217,senzey_price,anchor_curve,215,מחיר עוגן,,,-0.9,,,
הדפסה על מגנט 250 יחי 10/10,הדפסה על מגנט 250 יחי 10/10,מגנטים,10,10,250,322,senzey_price,,,,,,,,NO_ENGINE,
הדפסת מדבקות בעיצוב אישי עם הלוגו שלכם קוטר 10-10 סמ-q250,הדפסת מדבקות בעיצוב אישי עם הלוגו שלכם קוטר 10-10 ס''מ 250 יחידות,מדבקות,10,10,250,242,senzey_price,anchor_curve,240,מחיר עוגן,,,-0.8,,,
הדפסה על מגנט 500 יחי 10/10,הדפסה על מגנט 500 יחי 10/10,מגנטים,10,10,500,490,senzey_price,,,,,,,,NO_ENGINE,
הדפסת לוח שנה מגנט 10/10 ספירלה. 500 יחידות,הדפסת לוח שנה מגנט 10/10 ספירלה. 500 יחידות,מגנטים,10,10,500,1800,senzey_price,,,,,,,,NO_ENGINE,
לוח שנה מגנט 500 יחי 10/10,לוח שנה מגנט 500 יחי 10/10,מגנטים,10,10,500,1672,senzey_price,,,,,,,,NO_ENGINE,
הדפסת מדבקות בעיצוב אישי עם הלוגו שלכם קוטר 10-10 סמ-q500,הדפסת מדבקות בעיצוב אישי עם הלוגו שלכם קוטר 10-10 ס''מ 500 יחידות,מדבקות,10,10,500,340,senzey_price,anchor_curve,340,מחיר עוגן,,,0,,,
הדפסה על מגנט 1000 יחי 10/10,הדפסה על מגנט 1000 יחי 10/10,מגנטים,10,10,1000,920,senzey_price,,,,650,יעד כיווני: 920 → 600–700,,41.5,NO_ENGINE,
הדפסת לוח שנה מגנט 10/10 ספירלה. 1000 יחידות,הדפסת לוח שנה מגנט 10/10 ספירלה. 1000 יחידות,מגנטים,10,10,1000,2400,senzey_price,,,,650,יעד כיווני: 920 → 600–700,,269.2,NO_ENGINE,
לוח שנה מגנט 1000 יחי 10/10,לוח שנה מגנט 1000 יחי 10/10,מגנטים,10,10,1000,2320,senzey_price,,,,650,יעד כיווני: 920 → 600–700,,256.9,NO_ENGINE,
הדפסת מדבקות בעיצוב אישי עם הלוגו שלכם קוטר 10-10 סמ-q1000,הדפסת מדבקות בעיצוב אישי עם הלוגו שלכם קוטר 10-10 ס''מ 1000 יחידות,מדבקות,10,10,1000,590,senzey_price,anchor_curve,480,מחיר עוגן,,,-18.6,,REVIEW,
2000 יחידות מגנט 10/10,2000 יחידות מגנט 10/10,מגנטים,10,10,2000,1400,senzey_price,,,,,,,,NO_ENGINE,
הדפסה על מגנט 2000 יחי 10/10,הדפסה על מגנט 2000 יחי 10/10,מגנטים,10,10,2000,1400,senzey_price,,,,,,,,NO_ENGINE,
הדפסת לוח שנה מגנט 10/10 ספירלה. 5000 יחידות,הדפסת לוח שנה מגנט 10/10 ספירלה. 5000 יחידות,מגנטים,10,10,5000,11825,senzey_price,,,,,,,,NO_ENGINE,
לוח שנה מגנט 5000 יחי 10/10,לוח שנה מגנט 5000 יחי 10/10,מגנטים,10,10,5000,8467,senzey_price,,,,,,,,NO_ENGINE,
מגנטים 5000 יחי 10/10,מגנטים 5000 יחי 10/10,מגנטים,10,10,5000,3000,senzey_price,,,,,,,,NO_ENGINE,
12/9 10.000 יחידות הדפסה על מגנט,12/9 10.000 יחידות הדפסה על מגנט,מגנטים,12,9,0,6000,senzey_price,,,,,,,,NO_ENGINE,
מגנט 10/12 50 יח,מגנט 10/12 50 יח,מגנטים,12,10,50,150,senzey_price,,,,,,,,NO_ENGINE,
הדפסה על אבן בזלת 14/9,הדפסה על אבן בזלת 14/9,מתנות,14,9,1,50,site_price,,,,,,,,NO_ENGINE,
הדפסת מדבקות בעיצוב אישי עם הלוגו שלכם קוטר 24-6 סמ,הדפסת מדבקות בעיצוב אישי עם הלוגו שלכם קוטר 24-6 ס''מ 100 יחידות,מדבקות,24,6,100,187,senzey_price,anchor_curve,187,מחיר עוגן,,,0,,,
הדפסת מדבקות בעיצוב אישי עם הלוגו שלכם קוטר 24-6 סמ-q150,הדפסת מדבקות בעיצוב אישי עם הלוגו שלכם קוטר 24-6 ס''מ 150 יחידות,מדבקות,24,6,150,198,senzey_price,anchor_curve,200,מחיר עוגן,,,1,,,
הדפסת מדבקות בעיצוב אישי עם הלוגו שלכם קוטר 24-6 סמ-q200,הדפסת מדבקות בעיצוב אישי עם הלוגו שלכם קוטר 24-6 ס''מ 200 יחידות,מדבקות,24,6,200,217,senzey_price,anchor_curve,215,מחיר עוגן,,,-0.9,,,
הדפסת מדבקות בעיצוב אישי עם הלוגו שלכם קוטר 24-6 סמ-q250,הדפסת מדבקות בעיצוב אישי עם הלוגו שלכם קוטר 24-6 ס''מ 250 יחידות,מדבקות,24,6,250,242,senzey_price,anchor_curve,240,מחיר עוגן,,,-0.8,,,
הדפסת מדבקות בעיצוב אישי עם הלוגו שלכם קוטר 24-6 סמ-q500,הדפסת מדבקות בעיצוב אישי עם הלוגו שלכם קוטר 24-6 ס''מ 500 יחידות,מדבקות,24,6,500,340,senzey_price,anchor_curve,375,מחיר עוגן,,,10.3,,REVIEW,
הדפסת מדבקות בעיצוב אישי עם הלוגו שלכם קוטר 24-6 סמ-q1000,הדפסת מדבקות בעיצוב אישי עם הלוגו שלכם קוטר 24-6 ס''מ 1000 יחידות,מדבקות,24,6,1000,590,senzey_price,anchor_curve,595,מחיר עוגן,,,0.8,,,
"10/15 כרומו 300 גרם,","10/15 כרומו 300 גרם,",אחר,15,10,1,1.3,senzey_price,,,,,,,,NO_ENGINE,
"1000 גליות 10/15- 300 גרם,","1000 גליות 10/15- 300 גרם,",אחר,15,10,1,850,senzey_price,,,,,,,,NO_ENGINE,
דף 300 גר- 10/15,דף 300 גר- 10*15,אחר,15,10,1,3,senzey_price,,,,,,,,NO_ENGINE,
תמונה על בלוק עץ 10/15,תמונה על בלוק עץ 10/15,בלוק עץ,15,10,1,48,senzey_price,,,,,,,,NO_ENGINE,
10.000 גלויות 10/15,10.000 גלויות 10X15,דפים,15,10,1,1276,senzey_price,,,,,,,,NO_ENGINE,
5000 גלויות 10/15,5000 גלויות 10X15,דפים,15,10,1,800,senzey_price,,,,,,,,NO_ENGINE,
הדפסה על מגנט 10/15,הדפסה על מגנט 10/15,מגנטים,15,10,1,8,senzey_price,,,,,,,,NO_ENGINE,
הדפסה על מגנט 10/15 מגנט,הדפסה על מגנט 10/15 מגנט,מגנטים,15,10,1,8,senzey_price,,,,,,,,NO_ENGINE,
הדפסת על מגנט 10/15,הדפסת על מגנט 10/15,מגנטים,15,10,1,12,senzey_price,,,,,,,,NO_ENGINE,
הדפסת על מגנט 10/15 - 20 יח,הדפסת על מגנט 10/15 - 20 יח,מגנטים,15,10,20,160,senzey_price,,,,,,,,NO_ENGINE,
new-postcards-100,גלויות 10/15 — 100 יח,גלויות,15,10,100,,,,,,,,,,NO_ENGINE,
הדפסת מדבקות בעיצוב אישי עם הלוגו שלכם קוטר 10-15 סמ,הדפסת מדבקות בעיצוב אישי עם הלוגו שלכם קוטר 10-15 ס''מ 100 יחידות,מדבקות,10,15,100,187,senzey_price,anchor_curve,187,מחיר עוגן,,,0,,,
פליירים 10/15 דו או חד צדדי 100 יחי,פליירים 10/15 דו או חד צדדי 100 יחי,פליירים,15,10,100,116,senzey_price,anchor_curve,116,מחיר עוגן,,,0,,,
הדפסת מדבקות בעיצוב אישי עם הלוגו שלכם קוטר 10-15 סמ-q150,הדפסת מדבקות בעיצוב אישי עם הלוגו שלכם קוטר 10-15 ס''מ 150 יחידות,מדבקות,10,15,150,198,senzey_price,anchor_curve,200,מחיר עוגן,,,1,,,
הדפסה מגנט 10/15 200 יחידות,הדפסה מגנט 10/15 200 יחידות,מגנטים,15,10,200,450,senzey_price,,,,,,,,NO_ENGINE,
הדפסה על מגנט 200 יחי 10/15,הדפסה על מגנט 200 יחי 10/15,מגנטים,15,10,200,460,site_price,,,,,,,,NO_ENGINE,
הדפסת מדבקות בעיצוב אישי עם הלוגו שלכם קוטר 10-15 סמ-q200,הדפסת מדבקות בעיצוב אישי עם הלוגו שלכם קוטר 10-15 ס''מ 200 יחידות,מדבקות,10,15,200,217,senzey_price,anchor_curve,215,מחיר עוגן,,,-0.9,,,
new-postcards-250,גלויות 10/15 — 250 יח,גלויות,15,10,250,,,,,,,,,,NO_ENGINE,
הדפסת מדבקות בעיצוב אישי עם הלוגו שלכם קוטר 10-15 סמ-q250,הדפסת מדבקות בעיצוב אישי עם הלוגו שלכם קוטר 10-15 ס''מ 250 יחידות,מדבקות,10,15,250,242,senzey_price,anchor_curve,240,מחיר עוגן,,,-0.8,,,
פליירים 10/15 דו או חד צדדי 300 יחי,פליירים 10/15 דו או חד צדדי 300 יחי,פליירים,15,10,300,232,senzey_price,anchor_curve,130,עקומת המשפחה,,,-44,,REVIEW,
new-postcards-500,גלויות 10/15 — 500 יח,גלויות,15,10,500,,,,,,,,,,NO_ENGINE,
הדפסה מגנט 10/15 500 יחידות,הדפסה מגנט 10/15 500 יחידות,מגנטים,15,10,500,750,senzey_price,,,,,,,,NO_ENGINE,
הדפסת מדבקות בעיצוב אישי עם הלוגו שלכם קוטר 10-15 סמ-q500,הדפסת מדבקות בעיצוב אישי עם הלוגו שלכם קוטר 10-15 ס''מ 500 יחידות,מדבקות,10,15,500,340,senzey_price,anchor_curve,375,מחיר עוגן,,,10.3,,REVIEW,
הדפסה על מגנט 1000 יחי 10/15,הדפסה על מגנט 1000 יחי 10/15,מגנטים,15,10,1000,1392,senzey_price,,,,,,,,NO_ENGINE,
הדפסת מדבקות בעיצוב אישי עם הלוגו שלכם קוטר 10-15 סמ-q1000,הדפסת מדבקות בעיצוב אישי עם הלוגו שלכם קוטר 10-15 ס''מ 1000 יחידות,מדבקות,10,15,1000,590,senzey_price,anchor_curve,595,מחיר עוגן,,,0.8,,,
פליירים 10/15 דו או חד צדדי 1000 יחי,פליירים 10/15 דו או חד צדדי 1000 יחי,פליירים,15,10,1000,348,senzey_price,anchor_curve,348,מחיר עוגן,330,בסיס 10/15 מאושר,0,5.5,REVIEW,
הדפסה מגנט 10/15 2000 יחידות,הדפסה מגנט 10/15 2000 יחידות,מגנטים,15,10,2000,2300,senzey_price,,,,,,,,NO_ENGINE,
הדפסה על מגנט 3000 יחי 10/15,הדפסה על מגנט 3000 יחי 10/15,מגנטים,15,10,3000,2900,senzey_price,,,,,,,,NO_ENGINE,
הדפסה על מגנט 5000 יחי 10/15,הדפסה על מגנט 5000 יחי 10/15,מגנטים,15,10,5000,4542,senzey_price,,,,,,,,NO_ENGINE,
פליירים 10/15 דו או חד צדדי 5000 יחי,פליירים 10/15 דו או חד צדדי 5000 יחי,פליירים,15,10,5000,1093,senzey_price,anchor_curve,500,מחיר עוגן,,,-54.3,,REVIEW,
הדפסת תפריטים 10/20,הדפסת תפריטים 10/20,אחר,20,10,1,1.5,senzey_price,,,,,,,,NO_ENGINE,
הדפסת תפריטים 10/20 50 יחי,הדפסת תפריטים 10/20 50 יחי,אחר,20,10,50,75,senzey_price,,,,,,,,NO_ENGINE,
הדפסת תפריטים 10/20 100 יחי,הדפסת תפריטים 10/20 100 יחי,אחר,20,10,100,150,senzey_price,,,,,,,,NO_ENGINE,
הדפסה על מגנט 600 יחי 20/10,הדפסה על מגנט 600 יחי 20/10,מגנטים,20,10,600,1334,senzey_price,,,,,,,,NO_ENGINE,
הדפסה על מגנט 1000 יחי 20/10,הדפסה על מגנט 1000 יחי 20/10,מגנטים,20,10,1000,1740,senzey_price,,,,,,,,NO_ENGINE,
20/10 הדפסה על מגנט 5000 יחידות,20/10 הדפסה על מגנט 5000 יחידות,מגנטים,20,10,5000,7000,senzey_price,,,,,,,,NO_ENGINE,
הזמנות לאירועים 17/12 50 יחי,הזמנות לאירועים 17/12 50 יחי,הזמנות,17,12,50,75,senzey_price,,,,,,,,NO_ENGINE,
הזמנות לאירועים 17/12 100 יחי,הזמנות לאירועים 17/12 100 יחי,הזמנות,17,12,100,140,senzey_price,,,,,,,,NO_ENGINE,
הזמנות לאירועים 17/12 150 יחי,הזמנות לאירועים 17/12 150 יחי,הזמנות,17,12,150,202,senzey_price,,,,,,,,NO_ENGINE,
הזמנות לאירועים 17/12 200 יחי,הזמנות לאירועים 17/12 200 יחי,הזמנות,17,12,200,260,senzey_price,,,,,,,,NO_ENGINE,
הדפסה על מגנטים 100 יחי 10/22,הדפסה על מגנטים 100 יחי 10/22,מגנטים,22,10,100,464,senzey_price,,,,,,,,NO_ENGINE,
תמונה על בלוק עץ 15/15,תמונה על בלוק עץ 15/15,בלוק עץ,15,15,1,57,senzey_price,,,,,,,,NO_ENGINE,
הדפסה על מגנט 15/15,הדפסה על מגנט 15/15,מגנטים,15,15,1,17,senzey_price,,,,,,,,NO_ENGINE,
הדפסה על מגנט 250 יחי 15/15,הדפסה על מגנט 250 יחי 15/15,מגנטים,15,15,250,522,senzey_price,,,,,,,,NO_ENGINE,
הדפסה על מגנט 500 יחי 15/15,הדפסה על מגנט 500 יחי 15/15,מגנטים,15,15,500,1600,senzey_price,,,,,,,,NO_ENGINE,
תמונה על בלוק עץ 13/18,תמונה על בלוק עץ 13/18,בלוק עץ,18,13,1,60,senzey_price,,,,,,,,NO_ENGINE,
הדפסה על מגנט 13/18,הדפסה על מגנט 13/18,מגנטים,18,13,1,12,senzey_price,,,,,,,,NO_ENGINE,
500 יחידות מעטפות 23/11,500 יחידות מעטפות 23/11,מעטפות,23,11,500,293,senzey_price,,,,,,,,NO_ENGINE,
1000 יח מעטפות 23/11,1000 יח מעטפות 23/11,מעטפות,23,11,1000,650,senzey_price,,,,,,,,NO_ENGINE,
1000 יחידות מעטפות 23/11 הדפסה צבעונית,1000 יחידות מעטפות 23/11 הדפסה צבעונית,מעטפות,23,11,1000,650,senzey_price,,,,470,יעד כיווני: 650 → ~470,,38.3,NO_ENGINE,
1000 יחידות מעטפות 23/11 הדפסה שחור לבן,1000 יחידות מעטפות 23/11 הדפסה שחור לבן,מעטפות,23,11,1000,450,senzey_price,,,,,,,,NO_ENGINE,
הדפסת מדבקות בעיצוב אישי עם הלוגו שלכם קוטר 17-17 80 יחי,הדפסת מדבקות בעיצוב אישי עם הלוגו שלכם קוטר 17-17 80 יחי,מדבקות,17,17,80,270,senzey_price,anchor_curve,176,ריצה קצרה,,,-34.8,,REVIEW,
הדפסת לוח שנה מגנט 21/14 ספירלה. 500 יחידות,הדפסת לוח שנה מגנט 21/14 ספירלה. 500 יחידות,מגנטים,21,14,500,1850,senzey_price,,,,,,,,NO_ENGINE,
לוח שנה מגנט 500 יחי 14/21,לוח שנה מגנט 500 יחי 14/21,מגנטים,21,14,500,1682,senzey_price,,,,,,,,NO_ENGINE,
הדפסת לוח שנה מגנט 21/14 ספירלה. 1000 יחידות,הדפסת לוח שנה מגנט 21/14 ספירלה. 1000 יחידות,מגנטים,21,14,1000,2983,senzey_price,,,,,,,,NO_ENGINE,
לוח שנה מגנט 1000 יחי 14/21,לוח שנה מגנט 1000 יחי 14/21,מגנטים,21,14,1000,2668,senzey_price,,,,,,,,NO_ENGINE,
לוח שנה מגנט 14/21 2000 יחידות ספירלה,לוח שנה מגנט 14/21 2000 יחידות ספירלה,מגנטים,21,14,2000,4800,senzey_price,,,,,,,,NO_ENGINE,
הדפסת לוח שנה מגנט 21/14 ספירלה. 5000 יחידות,הדפסת לוח שנה מגנט 21/14 ספירלה. 5000 יחידות,מגנטים,21,14,5000,12075,senzey_price,,,,,,,,NO_ENGINE,
לוח שנה מגנט 5000 יחי 14/21 ספירלה,לוח שנה מגנט 5000 יחי 14/21 ספירלה,מגנטים,21,14,5000,10274,senzey_price,,,,,,,,NO_ENGINE,
פרספקט 30/10,פרספקט 30/10,אחר,30,10,1,120,senzey_price,,,,,,,,NO_ENGINE,
תמונה על בלוק עץ 15/20,תמונה על בלוק עץ 15/20,בלוק עץ,20,15,1,75,senzey_price,,,,,,,,NO_ENGINE,
25 / 12 מגנט,25 * 12 מגנט,מגנטים,25,12,1,50,senzey_price,,,,,,,,NO_ENGINE,
הדפסה על מגנט 20/15,הדפסה על מגנט 20/15,מגנטים,20,15,1,17,senzey_price,,,,,,,,NO_ENGINE,
הדפסה על אבן בזלת 20/15,הדפסה על אבן בזלת 20/15,מתנות,20,15,1,100,site_price,,,,,,,,NO_ENGINE,
15/20 50 יחידות הדפסה על מגנט,15/20 50 יחידות הדפסה על מגנט,מגנטים,20,15,50,750,senzey_price,,,,,,,,NO_ENGINE,
הדפסה על מגנט 100 יחי 15/20,הדפסה על מגנט 100 יחי 15/20,מגנטים,20,15,100,1725,senzey_price,,,,,,,,NO_ENGINE,
הדפסה על מגנט 430 יחידות 20/15,הדפסה על מגנט 430 יחידות 20/15,מגנטים,20,15,430,1250,senzey_price,,,,,,,,NO_ENGINE,
5000 יחידות תל דלת 30/10 גרם 130 נייר,5000 יחידות תל דלת 30/10 גרם 130 נייר,אחר,30,10,5000,2200,senzey_price,,,,,,,,NO_ENGINE,
הזמנת עבודה A5 עשר פנקסים מקור + 2 העתקים,הזמנת עבודה A5 עשר פנקסים מקור + 2 העתקים,חשבוניות,14.8,21,10,280,senzey_price,unit_floor,320,מחיר עוגן,320,מחיר מבנה אחיד,14.3,0,REVIEW,חשבוניות: מספר סטים לפנקס (25/50) טרם אומת בסנזיי — המחיר עשוי להשתנות (TODO)
חשבונית מס / קבלה A5 עשר פנקסים מקור + 2 העתקים,חשבונית מס / קבלה A5 עשר פנקסים מקור + 2 העתקים,חשבוניות,14.8,21,10,320,senzey_price,unit_floor,320,מחיר עוגן,320,מחיר מבנה אחיד,0,0,,חשבוניות: מספר סטים לפנקס (25/50) טרם אומת בסנזיי — המחיר עשוי להשתנות (TODO)
חשבונית מס A5 עשר פנקסים מקור + 2 העתקים,חשבונית מס A5 עשר פנקסים מקור + 2 העתקים,חשבוניות,14.8,21,10,320,senzey_price,unit_floor,320,מחיר עוגן,320,מחיר מבנה אחיד,0,0,,חשבוניות: מספר סטים לפנקס (25/50) טרם אומת בסנזיי — המחיר עשוי להשתנות (TODO)
חשבונית עסקה A5 עשר פנקסים מקור + 2 העתקים,חשבונית עסקה A5 עשר פנקסים מקור + 2 העתקים,חשבוניות,14.8,21,10,320,senzey_price,unit_floor,320,מחיר עוגן,320,מחיר מבנה אחיד,0,0,,חשבוניות: מספר סטים לפנקס (25/50) טרם אומת בסנזיי — המחיר עשוי להשתנות (TODO)
קבלות A5 עשר פנקסים מקור + 2 העתקים,קבלות A5 עשר פנקסים מקור + 2 העתקים,חשבוניות,14.8,21,10,320,senzey_price,unit_floor,320,מחיר עוגן,320,מחיר מבנה אחיד,0,0,,חשבוניות: מספר סטים לפנקס (25/50) טרם אומת בסנזיי — המחיר עשוי להשתנות (TODO)
תעודת משלוח A5 עשרה פנקסים,תעודת משלוח A5 עשרה פנקסים,חשבוניות,14.8,21,10,323,senzey_price,unit_floor,320,מחיר עוגן,320,מחיר מבנה אחיד,-0.9,0,,חשבוניות: מספר סטים לפנקס (25/50) טרם אומת בסנזיי — המחיר עשוי להשתנות (TODO)
תמונה על בלוק עץ 15/21,תמונה על בלוק עץ 15/21,בלוק עץ,21,15,1,85,senzey_price,,,,,,,,NO_ENGINE,
הדפסה על מגנט 21/15,הדפסה על מגנט 21/15,מגנטים,21,15,1,12,senzey_price,,,,,,,,NO_ENGINE,
שלט PVC 15/21,שלט PVC 15/21,שלטי PVC,21,15,1,30,senzey_price,size_ladder,30,מחיר מאומת מהקטלוג,,,0,,,
שלט PVC בגודל שלט חדר מדרגות 15/21,שלט PVC בגודל שלט חדר מדרגות 15/21,שלטי PVC,21,15,1,30,site_price,size_ladder,30,מחיר מאומת מהקטלוג,,,0,,,
פליירים 15/21 דו או חד צדדי 50 יחי,פליירים 15/21 דו או חד צדדי 50 יחי,פליירים,21,15,50,58,senzey_price,anchor_curve,85,מחיר עוגן,,,46.6,,REVIEW,
פליירים 15/21 דו או חד צדדי 200 יחי,פליירים 15/21 דו או חד צדדי 200 יחי,פליירים,21,15,200,232,senzey_price,anchor_curve,130,עקומת המשפחה,125,ספק: 351 → ₪125,-44,4,REVIEW,
פליירים 15/21 דו או חד צדדי 300 יחי,פליירים 15/21 דו או חד צדדי 300 יחי,פליירים,21,15,300,348,senzey_price,anchor_curve,155,עקומת המשפחה,170,ספק: 417 → ₪170,-55.5,-8.8,REVIEW,
פליירים 15/21 דו או חד צדדי 400 יחי,פליירים 15/21 דו או חד צדדי 400 יחי,פליירים,21,15,400,232,senzey_price,anchor_curve,190,עקומת המשפחה,,,-18.1,,REVIEW,
פליירים 15/21 דו או חד צדדי 500 יחי,פליירים 15/21 דו או חד צדדי 500 יחי,פליירים,21,15,500,220,senzey_price,anchor_curve,225,מחיר עוגן,225,עקומת A5 מאושרת,2.3,0,,
פליירים 15/21 דו או חד צדדי 1000 יחי,פליירים 15/21 דו או חד צדדי 1000 יחי,פליירים,21,15,1000,418,senzey_price,anchor_curve,395,מחיר עוגן,395,עקומת A5 מאושרת,-5.5,0,REVIEW,
פליירים 15/21 דו או חד צדדי 2000 יחי,פליירים 15/21 דו או חד צדדי 2000 יחי,פליירים,21,15,2000,500,senzey_price,anchor_curve,475,מחיר עוגן,475,עקומת A5 מאושרת,-5,0,REVIEW,
פליירים 15/21 דו או חד צדדי 3000 יחי,פליירים 15/21 דו או חד צדדי 3000 יחי,פליירים,21,15,3000,650,senzey_price,anchor_curve,535,מחיר עוגן,535,עקומת A5 מאושרת,-17.7,0,REVIEW,
פליירים 15/21 דו או חד צדדי 5000 יחי,פליירים 15/21 דו או חד צדדי 5000 יחי,פליירים,21,15,5000,780,senzey_price,anchor_curve,600,מחיר עוגן,600,עקומת A5 מאושרת,-23.1,0,REVIEW,
פליירים 15/21 דו או חד צדדי 10.000 יחי,פליירים 15/21 דו או חד צדדי 10.000 יחי,פליירים,21,15,10000,1093,site_price,anchor_curve,1093,מחיר עוגן,1093,עקומת A5 מאושרת,0,0,,
הדפסה על אבן בזלת 20/20,הדפסה על אבן בזלת 20/20,מתנות,20,20,1,100,site_price,,,,,,,,NO_ENGINE,
הדפסה על קאפה 20/20,הדפסה על קאפה 20/20,קאפה,20,20,1,40,senzey_price,sheet_yield,40,מחיר עוגן,,,0,,,קאפה: מחירי מדרגות תפוקה (יח׳ בגיליון) טרם אומתו מול הלקוח (TODO) · טבלת תפוקה חסרה — המחיר מחושב מעלות חומר × מקדם בלבד (TODO)
הדפסה על קנבס 20/20,הדפסה על קנבס 20/20,קנבס,20,20,1,59,senzey_price,size_ladder,59,מחיר עוגן,59,הוזלה מאושרת,0,0,,
10 פנקסים 24/17,10 פנקסים 24/17,פנקסים,24,17,1,,,unit_floor,,,,,,,NO_QUOTE,אין מחיר מוגדר למבנה/כמות זו — מחירי החבילות אינם ליניאריים · חשבוניות: מספר סטים לפנקס (25/50) טרם אומת בסנזיי — המחיר עשוי להשתנות (TODO)
דף בריסטול 30/15,דף בריסטול 30*15,אחר,30,15,1,3,senzey_price,,,,,,,,NO_ENGINE,
1000 יח מעטפות 25/18,1000 יח מעטפות 25/18,מעטפות,25,18,1000,750,senzey_price,,,,,,,,NO_ENGINE,
1000 יחידות מעטפות 25/18 הדפסה צבעונית,1000 יחידות מעטפות 25/18 הדפסה צבעונית,מעטפות,25,18,1000,750,senzey_price,,,,470,יעד כיווני: 650 → ~470,,59.6,NO_ENGINE,
1000 יחידות מעטפות 25/18 הדפסה שחור לבן,1000 יחידות מעטפות 25/18 הדפסה שחור לבן,מעטפות,25,18,1000,600,senzey_price,,,,,,,,NO_ENGINE,
דף 22/22 כרומו,דף 22*22 כרומו,אחר,22,22,1,10,senzey_price,,,,,,,,NO_ENGINE,
הדפסת תפריטים 20/30,הדפסת תפריטים 20/30,אחר,30,20,1,6,senzey_price,,,,,,,,NO_ENGINE,
תמונה על בלוק עץ 20/30,תמונה על בלוק עץ 20/30,בלוק עץ,30,20,1,120,senzey_price,,,,,,,,NO_ENGINE,
הדפסה על לוקובונד 20/30,הדפסה על לוקובונד 20/30,הדפסה על לוקובונד,30,20,1,70,senzey_price,,,,,,,,NO_ENGINE,
הדפסת תמונות על זכוכית בעיצוב אישי 20/30,הדפסת תמונות על זכוכית בעיצוב אישי 20/30,זכוכית,30,20,1,130,senzey_price,size_ladder,160,מחיר עוגן,160,נשמר,23.1,0,REVIEW,
הדפסה על מגנט 20/30,הדפסה על מגנט 20/30,מגנטים,30,20,1,35,senzey_price,,,,,,,,NO_ENGINE,
הדפסת על מגנט 20/30,הדפסת על מגנט 20/30,מגנטים,30,20,1,24,senzey_price,,,,,,,,NO_ENGINE,
מדבקות לוגו לרכב 20/30,מדבקות לוגו לרכב 20/30,מדבקות,30,20,1,95,senzey_price,anchor_curve,,,,,,,NO_QUOTE,
הדפסה על אבן בזלת 20/30,הדפסה על אבן בזלת 20/30,מתנות,30,20,1,120,site_price,,,,,,,,NO_ENGINE,
הדפסה על קאפה 20/30,הדפסה על קאפה 20/30,קאפה,30,20,1,51,senzey_price,sheet_yield,60,לפי עלות,,,17.6,,REVIEW,קאפה: מחירי מדרגות תפוקה (יח׳ בגיליון) טרם אומתו מול הלקוח (TODO) · טבלת תפוקה חסרה — המחיר מחושב מעלות חומר × מקדם בלבד (TODO)
הדפסה על קנבס 20/30,הדפסה על קנבס 20/30,קנבס,30,20,1,71,senzey_price,size_ladder,71,מחיר עוגן,,,0,,,
הדפסה על שלט PVC 20/30,הדפסה על שלט PVC 20/30,שלטי PVC,30,20,1,35,senzey_price,size_ladder,35,מחיר מאומת מהקטלוג,30,סולם מאושר,0,16.7,REVIEW,
שלט PVC בגודל 20/30 סמ שילוט אסור לעשן,"שלט PVC בגודל 20/30 ס""מ שילוט אסור לעשן",שלטי PVC,30,20,1,35,senzey_price,size_ladder,35,מחיר מאומת מהקטלוג,30,סולם מאושר,0,16.7,REVIEW,
שלט PVC בגודל 20/30 סמ שילוט המקום מצולם,"שלט PVC בגודל 20/30 ס""מ שילוט המקום מצולם",שלטי PVC,30,20,1,35,senzey_price,size_ladder,35,מחיר מאומת מהקטלוג,30,סולם מאושר,0,16.7,REVIEW,
שלט PVC בגודל 20/30 סמ שילוט לנכים,"שלט PVC בגודל 20/30 ס""מ שילוט לנכים",שלטי PVC,30,20,1,35,senzey_price,size_ladder,35,מחיר מאומת מהקטלוג,30,סולם מאושר,0,16.7,REVIEW,
שלט PVC בגודל 20/30 סמ שלטי חניה,"שלט PVC בגודל 20/30 ס""מ שלטי חניה",שלטי PVC,30,20,1,35,senzey_price,size_ladder,35,מחיר מאומת מהקטלוג,30,סולם מאושר,0,16.7,REVIEW,
שלט PVC בגודל 20/30 סמ שלטי כיבוי אש,"שלט PVC בגודל 20/30 ס""מ שלטי כיבוי אש",שלטי PVC,30,20,1,35,senzey_price,size_ladder,35,מחיר מאומת מהקטלוג,30,סולם מאושר,0,16.7,REVIEW,
שלט PVC בגודל 20/30 סמ שלטי כלבים,"שלט PVC בגודל 20/30 ס""מ שלטי כלבים",שלטי PVC,30,20,1,35,senzey_price,size_ladder,35,מחיר מאומת מהקטלוג,30,סולם מאושר,0,16.7,REVIEW,
שלט PVC בגודל 20/30 סמ שלטים לאתרי בניין/קבלנים,"שלט PVC בגודל 20/30 ס""מ שלטים לאתרי בניין/קבלנים",שלטי PVC,30,20,1,35,senzey_price,size_ladder,35,מחיר מאומת מהקטלוג,30,סולם מאושר,0,16.7,REVIEW,
שלט לדלת בעיצוב אישי שלט PVC בגודל 20/30 סמ,"שלט לדלת בעיצוב אישי שלט PVC בגודל 20/30 ס""מ",שלטי PVC,30,20,1,35,site_price,size_ladder,35,מחיר מאומת מהקטלוג,30,סולם מאושר,0,16.7,REVIEW,
הדפסת תפריטים 20/30 50 יחי,הדפסת תפריטים 20/30 50 יחי,אחר,30,20,50,300,senzey_price,,,,,,,,NO_ENGINE,
הדפסת תפריטים 20/30 100 יחי,הדפסת תפריטים 20/30 100 יחי,אחר,30,20,100,500,senzey_price,,,,,,,,NO_ENGINE,
פליירים 20/30 דו או חד צדדי 200 יחי,פליירים 20/30 דו או חד צדדי 200 יחי,פליירים,30,20,200,345,senzey_price,anchor_curve,225,עקומת המשפחה,,,-34.8,,REVIEW,
פליירים 20/30 דו או חד צדדי 500 יחי,פליירים 20/30 דו או חד צדדי 500 יחי,פליירים,30,20,500,450,senzey_price,anchor_curve,405,מחיר עוגן,,,-10,,REVIEW,
פליירים 20/30 דו או חד צדדי 1000 יחי,פליירים 20/30 דו או חד צדדי 1000 יחי,פליירים,30,20,1000,805,senzey_price,anchor_curve,710,מחיר עוגן,,,-11.8,,REVIEW,
חשבונית מס / קבלה A4 שישיות עשר פנקסים מקור + 2 העתקים,חשבונית מס / קבלה A4 שישיות עשר פנקסים מקור + 2 העתקים,חשבוניות,21,29.7,10,418,senzey_price,unit_floor,418,מחיר עוגן,418,מחיר מבנה אחיד,0,0,,חשבוניות: מספר סטים לפנקס (25/50) טרם אומת בסנזיי — המחיר עשוי להשתנות (TODO)
קבלת עוסק פטור A4 עשרה פנקסים,קבלת עוסק פטור A4 עשרה פנקסים,חשבוניות,21,29.7,10,442,senzey_price,unit_floor,418,מחיר מאומת מהקטלוג,418,מחיר מבנה אחיד,-5.4,0,REVIEW,חשבוניות: מספר סטים לפנקס (25/50) טרם אומת בסנזיי — המחיר עשוי להשתנות (TODO)
בריסטול 22/35 סמ,בריסטול 22*35 ס״מ,אחר,35,22,1,10,senzey_price,,,,,,,,NO_ENGINE,
בריסטול 35/22 סמ,בריסטול 35*22 ס״מ,אחר,35,22,1,5,senzey_price,,,,,,,,NO_ENGINE,
1000 יח מעטפות 34/24,1000 יח מעטפות 34/24,מעטפות,34,24,1000,1050,senzey_price,,,,,,,,NO_ENGINE,
1000 יחידות מעטפות הדפסה צבעונית 34/24,1000 יחידות מעטפות הדפסה צבעונית 34/24,מעטפות,34,24,1000,800,senzey_price,,,,470,יעד כיווני: 650 → ~470,,70.2,NO_ENGINE,
הדפסה על לוקובונד 30/30,הדפסה על לוקובונד 30/30,הדפסה על לוקובונד,30,30,1,100,senzey_price,,,,,,,,NO_ENGINE,
הדפסה על מגנט 30/30,הדפסה על מגנט 30/30,מגנטים,30,30,1,50,senzey_price,,,,,,,,NO_ENGINE,
הדפסה על קאפה 30/30,הדפסה על קאפה 30/30,קאפה,30,30,1,55,senzey_price,sheet_yield,55,מחיר עוגן,,,0,,,קאפה: מחירי מדרגות תפוקה (יח׳ בגיליון) טרם אומתו מול הלקוח (TODO) · טבלת תפוקה חסרה — המחיר מחושב מעלות חומר × מקדם בלבד (TODO)
הדפסה על קנבס 30/30,הדפסה על קנבס 30/30,קנבס,30,30,1,99,senzey_price,size_ladder,99,מחיר עוגן,,,0,,,
שלט PVC בגודל שלט חדר מדרגות 30/30,הדפסה על שלט PVC 30/30,שלטי PVC,30,30,1,40,senzey_price,size_ladder,40,מחיר עוגן,,,0,,,
הדפסה על שמשונית 30/30 סמ,"הדפסה על שמשונית 30/30 ס""מ",שמשונית,30,30,1,60,senzey_price,per_m2,60,מחיר עוגן,,,0,,,תעריף מיקור חוץ — לא הוגדר אם כולל מע״מ (TODO)
הדפסת מדבקות בעיצוב אישי עם הלוגו שלכם 56/17 סמ,הדפסת מדבקות בעיצוב אישי עם הלוגו שלכם 56/17 ס''מ,מדבקות,56,17,1,95,senzey_price,anchor_curve,,,,,,,NO_QUOTE,
PVC 25/40,הדפסה על שלט PVC 25/40,שלטי PVC,40,25,1,35,senzey_price,size_ladder,40,עקומת המשפחה,,,14.3,,REVIEW,
הדפסה על לוקובונד 30/40,הדפסה על לוקובונד 30/40,הדפסה על לוקובונד,40,30,1,100,senzey_price,,,,,,,,NO_ENGINE,
הדפסה על קאפה 30/40,הדפסה על קאפה 30/40,קאפה,40,30,1,60,senzey_price,sheet_yield,60,לפי עלות,,,0,,,קאפה: מחירי מדרגות תפוקה (יח׳ בגיליון) טרם אומתו מול הלקוח (TODO) · טבלת תפוקה חסרה — המחיר מחושב מעלות חומר × מקדם בלבד (TODO)
הדפסה על קנבס 30/40,הדפסה על קנבס 30/40,קנבס,40,30,1,105,senzey_price,size_ladder,105,מחיר עוגן,,,0,,,
הדפסה על שלט PVC 30/40,הדפסה על שלט PVC 30/40,שלטי PVC,40,30,1,50,senzey_price,size_ladder,40,מחיר עוגן,,,-20,,REVIEW,
הדפסת תמונות על זכוכית בעיצוב אישי 30/45,הדפסת תמונות על זכוכית בעיצוב אישי 30/45,זכוכית,45,30,1,220,senzey_price,size_ladder,220,עקומת המשפחה,,,0,,,
הדפסה על קאפה 30/45,הדפסה על קאפה 30/45,קאפה,45,30,1,75,senzey_price,sheet_yield,75,מחיר עוגן,,,0,,,קאפה: מחירי מדרגות תפוקה (יח׳ בגיליון) טרם אומתו מול הלקוח (TODO) · טבלת תפוקה חסרה — המחיר מחושב מעלות חומר × מקדם בלבד (TODO)
הדפסה על קנבס 30/45,הדפסה על קנבס 30/45,קנבס,45,30,1,105,senzey_price,size_ladder,105,מחיר עוגן,,,0,,,
שלט PVC בגודל שלט חדר מדרגות 30/45,שלט PVC בגודל שלט חדר מדרגות 30/45,שלטי PVC,45,30,1,50,senzey_price,size_ladder,44,עקומת המשפחה,,,-12,,REVIEW,
הדפסת מדבקות בעיצוב אישי עם הלוגו שלכם 70/20 סמ,הדפסת מדבקות בעיצוב אישי עם הלוגו שלכם 70/20 ס''מ,מדבקות,70,20,1,95,senzey_price,anchor_curve,,,,,,,NO_QUOTE,
הדפסה על קנבס 50/30,הדפסה על קנבס 50/30,קנבס,50,30,1,110,senzey_price,size_ladder,115,מחיר עוגן,,,4.5,,REVIEW,
שלט מגנט לרכב 2 יחי 47/32 סמ,שלט מגנט לרכב 2 יחי 47X32 ס''מ,מגנטים,47,32,2,253,senzey_price,,,,,,,,NO_ENGINE,
שלט PVC בגודל שלט חדר מדרגות 35/45,שלט PVC בגודל שלט חדר מדרגות 35/45,שלטי PVC,45,35,1,50,senzey_price,size_ladder,49,עקומת המשפחה,,,-2,,,
הדפסה על שמשונית 45/35 סמ,"הדפסה על שמשונית 45/35 ס""מ",שמשונית,45,35,1,65,senzey_price,per_m2,65,מינימום חבילה,,,0,,,תעריף מיקור חוץ — לא הוגדר אם כולל מע״מ (TODO)
הדפסה על לוקובונד 40/40,הדפסה על לוקובונד 40/40,הדפסה על לוקובונד,40,40,1,120,senzey_price,,,,,,,,NO_ENGINE,
הדפסה על פוליגל 40/40 סמ,"הדפסה על פוליגל 40/40 ס""מ",פוליגל,40,40,1,55,senzey_price,size_ladder,55,מחיר עוגן,,,0,,,
הדפסה על קאפה 40/40,הדפסה על קאפה 40/40,קאפה,40,40,1,86,senzey_price,sheet_yield,86,מחיר עוגן,,,0,,,קאפה: מחירי מדרגות תפוקה (יח׳ בגיליון) טרם אומתו מול הלקוח (TODO) · טבלת תפוקה חסרה — המחיר מחושב מעלות חומר × מקדם בלבד (TODO)
הדפסה על קנבס 40/40,הדפסה על קנבס 40/40,קנבס,40,40,1,110,senzey_price,size_ladder,115,עקומת המשפחה,,,4.5,,REVIEW,
הדפסה על שמשונית 40/40 סמ,"הדפסה על שמשונית 40X40 ס""מ",שמשונית,40,40,1,65,senzey_price,per_m2,65,מינימום חבילה,,,0,,,תעריף מיקור חוץ — לא הוגדר אם כולל מע״מ (TODO)
הדפסה על פוליגל 40/40 סמ 10 יחי,"הדפסה על פוליגל 40/40 ס""מ 10 יחי",פוליגל,40,40,10,295,senzey_price,size_ladder,295,מדרגת כמות,295,חבילה מאושרת,0,0,,
הדפסה על שמשונית 40/40 סמ 10 יחי,"הדפסה על שמשונית 40X40 ס""מ 10 יחי",שמשונית,40,40,10,465,senzey_price,per_m2,465,מחיר עוגן,,,0,,,תעריף מיקור חוץ — לא הוגדר אם כולל מע״מ (TODO)
פרספקט 45/36,פרספקט 45*36,אחר,45,36,1,150,senzey_price,,,,,,,,NO_ENGINE,
אלבום דיגיטלי 30/60,אלבום דיגיטלי 30*60,אלבומים,60,30,1,371,senzey_price,,,,,,,,NO_ENGINE,
הדפסת אלבומים דיגיטלי 30/60 סמ 10 דפים 20 עמודים,הדפסת אלבומים דיגיטלי 30/60 ס''מ 10 דפים 20 עמודים,דפים,60,30,1,520,senzey_price,,,,,,,,NO_ENGINE,
הדפסה על מגנט 60/30,הדפסה על מגנט 60/30,מגנטים,60,30,1,120,senzey_price,,,,,,,,NO_ENGINE,
הדפסה על קנבס 30/60,הדפסה על קנבס 30/60,קנבס,60,30,1,120,senzey_price,size_ladder,120,מחיר עוגן,,,0,,,
הדפסת על קנבס 50/40,הדפסת על קנבס 50/40,קנבס,50,40,1,140,senzey_price,size_ladder,140,מחיר עוגן,,,0,,,
הדפסה על שלט PVC 50/40,הדפסה על שלט PVC 50/40,שלטי PVC,50,40,1,65,senzey_price,size_ladder,60,עקומת המשפחה,,,-7.7,,REVIEW,
הדפסת תמונות על זכוכית בעיצוב אישי 40/60,הדפסת תמונות על זכוכית בעיצוב אישי 40/60,זכוכית,60,40,1,250,senzey_price,size_ladder,305,עקומת המשפחה,,,22,,REVIEW,
הדפסה על פוליגל 40/60 סמ,"הדפסה על פוליגל 40/60 ס""מ",פוליגל,60,40,1,57,senzey_price,size_ladder,57,מחיר עוגן,,,0,,,
הדפסה על קאפה 40/60,הדפסה על קאפה 40/60,קאפה,60,40,1,98,senzey_price,sheet_yield,60,לפי עלות,,,-38.8,,REVIEW,קאפה: מחירי מדרגות תפוקה (יח׳ בגיליון) טרם אומתו מול הלקוח (TODO) · טבלת תפוקה חסרה — המחיר מחושב מעלות חומר × מקדם בלבד (TODO)
הדפסה על קנבס 40/60,הדפסה על קנבס 40/60,קנבס,60,40,1,143,senzey_price,size_ladder,145,עקומת המשפחה,,,1.4,,,
שלט PVC בגודל שלט חדר מדרגות 40/60,שלט PVC בגודל שלט חדר מדרגות 40/60,שלטי PVC,60,40,1,70,senzey_price,size_ladder,70,מחיר עוגן,,,0,,,
הדפסה על שמשונית 60/40 סמ,"הדפסה על שמשונית 60/40 ס""מ",שמשונית,60,40,1,70,senzey_price,per_m2,70,מחיר עוגן,65,מינימום עד 1 מ״ר,0,7.7,REVIEW,תעריף מיקור חוץ — לא הוגדר אם כולל מע״מ (TODO)
הדפסה על שלט 10 יחי PVC 60/40,הדפסה על שלט 10 יחי PVC 60/40,שלטי PVC,60,40,10,560,senzey_price,size_ladder,700,מחיר עוגן,,,25,,REVIEW,
הדפסה על קאפה 50/50,הדפסה על קאפה 50/50,קאפה,50,50,1,98,senzey_price,sheet_yield,60,לפי עלות,,,-38.8,,REVIEW,קאפה: מחירי מדרגות תפוקה (יח׳ בגיליון) טרם אומתו מול הלקוח (TODO) · טבלת תפוקה חסרה — המחיר מחושב מעלות חומר × מקדם בלבד (TODO)
הדפסה על קנבס 50/50,הדפסה על קנבס 50/50,קנבס,50,50,1,144,senzey_price,size_ladder,150,עקומת המשפחה,,,4.2,,REVIEW,
שלט PVC בגודל שלט חדר מדרגות 50/50,שלט PVC בגודל שלט חדר מדרגות 50/50,שלטי PVC,50,50,1,80,senzey_price,size_ladder,80,מחיר עוגן,,,0,,,
הדפסה על קנבס 30/90,הדפסה על קנבס 30/90,קנבס,90,30,1,151,senzey_price,size_ladder,151,מחיר עוגן,,,0,,,
הדפסה על קנבס 45/60,הדפסה על קנבס 45/60,קנבס,60,45,1,151,senzey_price,size_ladder,150,עקומת המשפחה,,,-0.7,,,
הדפסה על שלט PVC 30/90,הדפסה על שלט PVC 30/90,שלטי PVC,90,30,1,90,senzey_price,size_ladder,90,מחיר עוגן,90,סולם מאושר,0,0,,
פוליל 120/24,פוליל 120*24,אחר,120,24,1,35,senzey_price,,,,,,,,NO_ENGINE,
הדפסה על פוליגל 40/80 סמ,"הדפסה על פוליגל 40/80 ס""מ",פוליגל,80,40,1,60,senzey_price,size_ladder,60,מחיר עוגן,,,0,,,
הדפסה על קנבס 40/80,הדפסה על קנבס 40/80,קנבס,80,40,1,155,senzey_price,size_ladder,155,עקומת המשפחה,,,0,,,
הדפסה על לוקובונד 50/70,הדפסה על לוקובונד 50/70,הדפסה על לוקובונד,70,50,1,140,senzey_price,,,,,,,,NO_ENGINE,
הדפסת תמונות על זכוכית בעיצוב אישי 50/70,הדפסת תמונות על זכוכית בעיצוב אישי 50/70,זכוכית,70,50,1,310,senzey_price,size_ladder,395,עקומת המשפחה,,,27.4,,REVIEW,
הדפסת מדבקות בעיצוב אישי עם הלוגו שלכם 70/50 סמ,הדפסת מדבקות בעיצוב אישי עם הלוגו שלכם 70/50 ס''מ,מדבקות,70,50,1,100,senzey_price,anchor_curve,,,,,,,NO_QUOTE,
הדפסה על קאפה 50/70,הדפסה על קאפה 50/70,קאפה,70,50,1,109,senzey_price,sheet_yield,60,לפי עלות,,,-45,,REVIEW,קאפה: מחירי מדרגות תפוקה (יח׳ בגיליון) טרם אומתו מול הלקוח (TODO) · טבלת תפוקה חסרה — המחיר מחושב מעלות חומר × מקדם בלבד (TODO)
הדפסה על קנבס 50/70,הדפסה על קנבס 50/70,קנבס,70,50,1,155,senzey_price,size_ladder,155,מחיר עוגן,,,0,,,
שלט PVC בגודל שלט חדר מדרגות50/70,שלט PVC בגודל שלט חדר מדרגות50/70,שלטי PVC,70,50,1,100,senzey_price,size_ladder,100,מחיר עוגן,,,0,,,
הדפסה על שמשונית 50/70 סמ,"הדפסה על שמשונית 50/70 ס""מ",שמשונית,70,50,1,75,senzey_price,per_m2,65,מינימום חבילה,,,-13.3,,REVIEW,תעריף מיקור חוץ — לא הוגדר אם כולל מע״מ (TODO)
הדפסה על קאפה 60/60,הדפסה על קאפה 60/60,קאפה,60,60,1,121,senzey_price,sheet_yield,60,לפי עלות,,,-50.4,,REVIEW,קאפה: מחירי מדרגות תפוקה (יח׳ בגיליון) טרם אומתו מול הלקוח (TODO) · טבלת תפוקה חסרה — המחיר מחושב מעלות חומר × מקדם בלבד (TODO)
הדפסה על קנבס 30/120,הדפסה על קנבס 30/120,קנבס,120,30,1,180,senzey_price,size_ladder,180,מחיר עוגן,,,0,,,
הדפסה על קנבס 45/80,הדפסה על קנבס 45/80,קנבס,80,45,1,157,senzey_price,size_ladder,180,עקומת המשפחה,,,14.6,,REVIEW,
הדפסה על קנבס 60/60,הדפסה על קנבס 60/60,קנבס,60,60,1,179,senzey_price,size_ladder,180,עקומת המשפחה,,,0.6,,,
הדפסה על פוליגל 50/80 סמ,"הדפסה על פוליגל 50/80 ס""מ",פוליגל,80,50,1,64,senzey_price,size_ladder,64,מחיר עוגן,,,0,,,
הדפסה על קנבס 50/80,הדפסה על קנבס 50/80,קנבס,80,50,1,160,senzey_price,size_ladder,165,עקומת המשפחה,,,3.1,,REVIEW,
הדפסת שלט PVC 100/40,הדפסת שלט PVC 100/40,שלטי PVC,100,40,1,115,senzey_price,size_ladder,115,מחיר עוגן,,,0,,,
"קלפים קטנים 300 גרם דו צדדי מידות: 65/ 65 mm, 300g paper, Bleed - 1.5 mm","קלפים קטנים 300 גרם דו צדדי מידות: 65x 65 mm, 300g paper, Bleed - 1.5 mm",דפים,65,65,1,58,senzey_price,,,,,,,,NO_ENGINE,
הדפסה על לוקובונד 60/80,הדפסה על לוקובונד 60/80,הדפסה על לוקובונד,80,60,1,170,senzey_price,,,,,,,,NO_ENGINE,
הדפסה על לוקובונד 80/60,הדפסה על לוקובונד 80/60,הדפסה על לוקובונד,80,60,1,170,senzey_price,,,,,,,,NO_ENGINE,
הדפסת מדבקות בעיצוב אישי עם הלוגו שלכם 80/60 סמ,הדפסת מדבקות בעיצוב אישי עם הלוגו שלכם 80/60 ס''מ,מדבקות,80,60,1,105,senzey_price,anchor_curve,,,,,,,NO_QUOTE,
הדפסה על פוליגל 120/40 סמ,"הדפסה על פוליגל 120/40 ס""מ",פוליגל,120,40,1,65,senzey_price,size_ladder,65,מחיר עוגן,,,0,,,
הדפסה על פוליגל 60/80 סמ,"הדפסה על פוליגל 60/80 ס""מ",פוליגל,80,60,1,62,senzey_price,size_ladder,62,מחיר עוגן,,,0,,,
הדפסה על קאפה 60/80,הדפסה על קאפה 60/80,קאפה,80,60,1,125,senzey_price,sheet_yield,60,לפי עלות,,,-52,,REVIEW,קאפה: מחירי מדרגות תפוקה (יח׳ בגיליון) טרם אומתו מול הלקוח (TODO) · טבלת תפוקה חסרה — המחיר מחושב מעלות חומר × מקדם בלבד (TODO)
הדפסה על קנבס 40/120,הדפסה על קנבס 40/120,קנבס,120,40,1,200,senzey_price,size_ladder,205,עקומת המשפחה,,,2.5,,,
הדפסה על קנבס 60/80,הדפסה על קנבס 60/80,קנבס,80,60,1,185,senzey_price,size_ladder,185,עקומת המשפחה,,,0,,,
הדפסה על פוליגל 70/70 סמ,"הדפסה על פוליגל 70/70 ס""מ",פוליגל,70,70,1,60,senzey_price,size_ladder,60,מחיר עוגן,,,0,,,
הדפסה על קאפה 70/70,הדפסה על קאפה 70/70,קאפה,70,70,1,144,senzey_price,sheet_yield,144,מחיר עוגן,,,0,,,קאפה: מחירי מדרגות תפוקה (יח׳ בגיליון) טרם אומתו מול הלקוח (TODO) · טבלת תפוקה חסרה — המחיר מחושב מעלות חומר × מקדם בלבד (TODO)
הדפסה על קנבס 70/70,הדפסה על קנבס 70/70,קנבס,70,70,1,185,senzey_price,size_ladder,190,עקומת המשפחה,,,2.7,,,
הדפסה על קאפה 100/50,הדפסה על קאפה 100/50,קאפה,100,50,1,147,senzey_price,sheet_yield,147,מחיר עוגן,,,0,,,קאפה: מחירי מדרגות תפוקה (יח׳ בגיליון) טרם אומתו מול הלקוח (TODO) · טבלת תפוקה חסרה — המחיר מחושב מעלות חומר × מקדם בלבד (TODO)
הדפסה על קנבס 50/100,הדפסה על קנבס 50/100,קנבס,100,50,1,205,senzey_price,size_ladder,190,עקומת המשפחה,,,-7.3,,REVIEW,
שלט PVC בגודל שלט חדר מדרגות 50/100,שלט PVC בגודל שלט חדר מדרגות 50/100,שלטי PVC,100,50,1,145,senzey_price,size_ladder,145,מחיר עוגן,,,0,,,
הדפסה על שמשונית 50/100 סמ,"הדפסה על שמשונית 50/100 ס""מ",שמשונית,100,50,1,80,senzey_price,per_m2,65,מינימום חבילה,,,-18.7,,REVIEW,תעריף מיקור חוץ — לא הוגדר אם כולל מע״מ (TODO)
הדפסה על לוקובונד 90/60,הדפסה על לוקובונד 90/60,הדפסה על לוקובונד,90,60,1,290,senzey_price,,,,,,,,NO_ENGINE,
הדפסת תמונות על זכוכית בעיצוב אישי 60/90,הדפסת תמונות על זכוכית בעיצוב אישי 60/90,זכוכית,90,60,1,390,senzey_price,size_ladder,545,עקומת המשפחה,,,39.7,,REVIEW,
הדפסה על קאפה 60/90,הדפסה על קאפה 60/90,קאפה,90,60,1,153,senzey_price,sheet_yield,60,לפי עלות,,,-60.8,,REVIEW,קאפה: מחירי מדרגות תפוקה (יח׳ בגיליון) טרם אומתו מול הלקוח (TODO) · טבלת תפוקה חסרה — המחיר מחושב מעלות חומר × מקדם בלבד (TODO)
הדפסה על קנבס 60/90,הדפסה על קנבס 60/90,קנבס,90,60,1,204,senzey_price,size_ladder,205,עקומת המשפחה,,,0.5,,,
שלט PVC בגודל שלט חדר מדרגות 60/90,שלט PVC בגודל שלט חדר מדרגות 60/90,שלטי PVC,90,60,1,150,senzey_price,size_ladder,150,מחיר עוגן,,,0,,,
הדפסה על לוקובונד 100/60,הדפסה על לוקובונד 100/60,הדפסה על לוקובונד,100,60,1,250,senzey_price,,,,,,,,NO_ENGINE,
הדפסה על קנבס 40/160,הדפסה על קנבס 40/160,קנבס,160,40,1,256,senzey_price,size_ladder,250,עקומת המשפחה,,,-2.3,,,
הדפסה על קנבס 80/80,הדפסה על קנבס 80/80,קנבס,80,80,1,205,senzey_price,size_ladder,230,עקומת המשפחה,,,12.2,,REVIEW,
הדפסה על שמשונית 130/50 סמ,"הדפסה על שמשונית 130/50 ס""מ",שמשונית,130,50,1,85,senzey_price,per_m2,65,מינימום חבילה,,,-23.5,,REVIEW,תעריף מיקור חוץ — לא הוגדר אם כולל מע״מ (TODO)
הדפסה על קנבס 110/60,הדפסה על קנבס 110/60,קנבס,110,60,1,210,senzey_price,size_ladder,235,עקומת המשפחה,,,11.9,,REVIEW,
הדפסה על שמשונית 90/75 סמ,"הדפסה על שמשונית 90/75 ס""מ",שמשונית,90,75,1,85,senzey_price,per_m2,65,מינימום חבילה,,,-23.5,,REVIEW,תעריף מיקור חוץ — לא הוגדר אם כולל מע״מ (TODO)
הדפסת תמונות על זכוכית בעיצוב אישי 100/70,הדפסת תמונות על זכוכית בעיצוב אישי 100/70,זכוכית,100,70,1,800,senzey_price,size_ladder,675,מחיר עוגן,675,יעד מאושר (מ-₪800),-15.6,0,REVIEW,
חמור 100/70,חמור 100/70,מתקני תצוגה,100,70,1,650,senzey_price,,,,,,,,NO_ENGINE,
הדפסה על קאפה 70/100,הדפסה על קאפה 70/100,קאפה,100,70,1,176,senzey_price,sheet_yield,85,לפי עלות,,,-51.7,,REVIEW,קאפה: מחירי מדרגות תפוקה (יח׳ בגיליון) טרם אומתו מול הלקוח (TODO) · טבלת תפוקה חסרה — המחיר מחושב מעלות חומר × מקדם בלבד (TODO)
הדפסה על קנבס 70/100,הדפסה על קנבס 70/100,קנבס,100,70,1,215,senzey_price,size_ladder,245,מחיר עוגן,245,איחוד 100/70+70/100,14,0,REVIEW,
עמדת תצוגה דו צדדית | שלט חמור 100/70,עמדת תצוגה דו צדדית | שלט חמור 100/70,רול אפ,100,70,1,650,senzey_price,,,,,,,,NO_ENGINE,
שלט PVC בגודל שלט חדר מדרגות 70/100,שלט PVC בגודל שלט חדר מדרגות 70/100,שלטי PVC,100,70,1,155,senzey_price,size_ladder,155,מחיר עוגן,,,0,,,
הדפסה על שמשונית 140/50 סמ,"הדפסה על שמשונית 140/50 ס""מ",שמשונית,140,50,1,85,senzey_price,per_m2,65,מינימום חבילה,,,-23.5,,REVIEW,תעריף מיקור חוץ — לא הוגדר אם כולל מע״מ (TODO)
הדפסה על שמשונית 70/100 סמ,"הדפסה על שמשונית 70/100 ס""מ",שמשונית,100,70,1,85,senzey_price,per_m2,65,מינימום חבילה,,,-23.5,,REVIEW,תעריף מיקור חוץ — לא הוגדר אם כולל מע״מ (TODO)
הדפסה על קאפה 60/120,הדפסה על קאפה 60/120,קאפה,120,60,1,179,senzey_price,sheet_yield,85,לפי עלות,,,-52.5,,REVIEW,קאפה: מחירי מדרגות תפוקה (יח׳ בגיליון) טרם אומתו מול הלקוח (TODO) · טבלת תפוקה חסרה — המחיר מחושב מעלות חומר × מקדם בלבד (TODO)
הדפסה על קנבס 60/120,הדפסה על קנבס 60/120,קנבס,120,60,1,225,senzey_price,size_ladder,240,עקומת המשפחה,,,6.7,,REVIEW,
שלט PVC בגודל שלט חדר מדרגות 60/120,שלט PVC בגודל שלט חדר מדרגות 60/120,שלטי PVC,120,60,1,170,senzey_price,size_ladder,160,עקומת המשפחה,,,-5.9,,REVIEW,
הדפסה על קנבס 50/150,הדפסה על קנבס 50/150,קנבס,150,50,1,235,senzey_price,size_ladder,260,עקומת המשפחה,,,10.6,,REVIEW,
הדפסה על קנבס 75/100,הדפסה על קנבס 75/100,קנבס,100,75,1,220,senzey_price,size_ladder,245,מחיר עוגן,,,11.4,,REVIEW,
הדפסה על שמשונית 150/50 סמ,"הדפסה על שמשונית 150/50 ס""מ",שמשונית,150,50,1,85,senzey_price,per_m2,65,מינימום חבילה,,,-23.5,,REVIEW,תעריף מיקור חוץ — לא הוגדר אם כולל מע״מ (TODO)
הדפסה על קאפה 70/110,הדפסה על קאפה 70/110,קאפה,110,70,1,187,senzey_price,sheet_yield,85,לפי עלות,,,-54.5,,REVIEW,קאפה: מחירי מדרגות תפוקה (יח׳ בגיליון) טרם אומתו מול הלקוח (TODO) · טבלת תפוקה חסרה — המחיר מחושב מעלות חומר × מקדם בלבד (TODO)
הדפסה על קנבס 70/110,הדפסה על קנבס 70/110,קנבס,110,70,1,230,senzey_price,size_ladder,245,מחיר עוגן,,,6.5,,REVIEW,
הדפסה על קאפה 130/60,הדפסה על קאפה 130/60,קאפה,130,60,1,190,senzey_price,sheet_yield,190,מחיר עוגן,,,0,,,קאפה: מחירי מדרגות תפוקה (יח׳ בגיליון) טרם אומתו מול הלקוח (TODO) · טבלת תפוקה חסרה — המחיר מחושב מעלות חומר × מקדם בלבד (TODO)
הדפסה על שמשונית 72/110 סמ,"הדפסה על שמשונית 72/110 ס""מ",שמשונית,110,72,1,85,senzey_price,per_m2,67,עקומת המשפחה,,,-21.2,,REVIEW,תעריף מיקור חוץ — לא הוגדר אם כולל מע״מ (TODO)
הדפסה על לוקובונד 100/80,הדפסה על לוקובונד 100/80,הדפסה על לוקובונד,100,80,1,232,senzey_price,,,,,,,,NO_ENGINE,
הדפסה על פוליגל 100/80 סמ,"הדפסה על פוליגל 100/80 ס""מ",פוליגל,100,80,1,65,senzey_price,size_ladder,65,מחיר עוגן,,,0,,,
הדפסה על שמשונית 100/80 סמ,"הדפסה על שמשונית 100/80 ס""מ",שמשונית,100,80,1,85,senzey_price,per_m2,68,עקומת המשפחה,,,-20,,REVIEW,תעריף מיקור חוץ — לא הוגדר אם כולל מע״מ (TODO)
הדפסה על שמשונית 200/40 סמ,"הדפסה על שמשונית 200/40 ס""מ",שמשונית,200,40,1,110,senzey_price,per_m2,68,עקומת המשפחה,,,-38.2,,REVIEW,תעריף מיקור חוץ — לא הוגדר אם כולל מע״מ (TODO)
הדפסה על קאפה 90/90,הדפסה על קאפה 90/90,קאפה,90,90,1,191,senzey_price,sheet_yield,85,לפי עלות,,,-55.5,,REVIEW,קאפה: מחירי מדרגות תפוקה (יח׳ בגיליון) טרם אומתו מול הלקוח (TODO) · טבלת תפוקה חסרה — המחיר מחושב מעלות חומר × מקדם בלבד (TODO)
הדפסה על קנבס 90/90,הדפסה על קנבס 90/90,קנבס,90,90,1,225,senzey_price,size_ladder,230,מחיר עוגן,230,העלאה מאושרת,2.2,0,,
הדפסה על שמשונית 90/90 סמ,"הדפסה על שמשונית 90/90 ס""מ",שמשונית,90,90,1,85,senzey_price,per_m2,69,עקומת המשפחה,,,-18.8,,REVIEW,תעריף מיקור חוץ — לא הוגדר אם כולל מע״מ (TODO)
הדפסה על שמשונית 180/50 סמ,"הדפסה על שמשונית 180/50 ס""מ",שמשונית,180,50,1,120,senzey_price,per_m2,77,עקומת המשפחה,,,-35.8,,REVIEW,תעריף מיקור חוץ — לא הוגדר אם כולל מע״מ (TODO)
הדפסת תמונות על זכוכית בעיצוב אישי 120/80,הדפסת תמונות על זכוכית בעיצוב אישי 120/80,זכוכית,120,80,1,850,senzey_price,size_ladder,1035,מחיר עוגן,1035,שיא השוק — נשמר,21.8,0,REVIEW,
הדפסת מדבקות בעיצוב אישי עם הלוגו שלכם 120/80 סמ,הדפסת מדבקות בעיצוב אישי עם הלוגו שלכם 120/80 ס''מ,מדבקות,120,80,1,120,senzey_price,anchor_curve,,,,,,,NO_QUOTE,
הדפסה על פוליגל 120/80 סמ,"הדפסה על פוליגל 120X80 ס""מ",פוליגל,120,80,1,70,senzey_price,size_ladder,70,מחיר עוגן,85,סולם מאושר (ביטול ₪70),0,-17.6,REVIEW,
הדפסה על קאפה 80/120,הדפסה על קאפה 80/120,קאפה,120,80,1,201,senzey_price,sheet_yield,85,לפי עלות,,,-57.7,,REVIEW,קאפה: מחירי מדרגות תפוקה (יח׳ בגיליון) טרם אומתו מול הלקוח (TODO) · טבלת תפוקה חסרה — המחיר מחושב מעלות חומר × מקדם בלבד (TODO)
הדפסה על קנבס 80/120,הדפסה על קנבס 80/120,קנבס,120,80,1,240,senzey_price,size_ladder,240,מחיר עוגן,,,0,,,
עמדת תצוגה דו צדדית | שלט חמור 160/60,עמדת תצוגה דו צדדית | שלט חמור 160/60,רול אפ,160,60,1,850,senzey_price,,,,,,,,NO_ENGINE,
שלט PVC בגודל שלט חדר מדרגות 80/120,שלט PVC בגודל שלט חדר מדרגות 80/120,שלטי PVC,120,80,1,200,senzey_price,size_ladder,200,מחיר עוגן,,,0,,,
הדפסה על שמשונית 120/80 סמ,"הדפס﻿ה על שמשונית 120/80 ס""מ",שמשונית,120,80,1,90,senzey_price,per_m2,90,מחיר עוגן,90,נקודה מאושרת,0,0,,תעריף מיקור חוץ — לא הוגדר אם כולל מע״מ (TODO)
הדפסה על פוליגל 120/80 סמ 10 יח,"הדפסה על פוליגל 120X80 ס""מ 10 יח",פוליגל,120,80,10,470,senzey_price,size_ladder,470,מדרגת כמות,,,0,,,
הדפסה על שמשונית 120/80 10 ח,הדפסה על שמשונית 120/80 10 'ח,שמשונית,120,80,10,470,senzey_price,per_m2,470,מדרגת כמות,470,חבילת 10 — נשמר,0,0,,תעריף מיקור חוץ — לא הוגדר אם כולל מע״מ (TODO)
הדפסה על קאפה 70/140,הדפסה על קאפה 70/140,קאפה,140,70,1,236,senzey_price,sheet_yield,85,לפי עלות,,,-64,,REVIEW,קאפה: מחירי מדרגות תפוקה (יח׳ בגיליון) טרם אומתו מול הלקוח (TODO) · טבלת תפוקה חסרה — המחיר מחושב מעלות חומר × מקדם בלבד (TODO)
הדפסה על קנבס 70/140,הדפסה על קנבס 70/140,קנבס,140,70,1,281,senzey_price,size_ladder,281,מחיר עוגן,281,איחוד 140/70↔70/140,0,0,,
הדפסה על שלט PVC 70/140,הדפסה על שלט PVC 70/140,שלטי PVC,140,70,1,200,senzey_price,size_ladder,200,מחיר עוגן,,,0,,,
הדפסה על לוקובונד 100/100,הדפסה על לוקובונד 100/100,הדפסה על לוקובונד,100,100,1,250,senzey_price,,,,,,,,NO_ENGINE,
הדפסת מדבקות בעיצוב אישי עם הלוגו שלכם 100/100 סמ,הדפסת מדבקות בעיצוב אישי עם הלוגו שלכם 100/100 ס''מ,מדבקות,100,100,1,120,senzey_price,anchor_curve,,,,,,,NO_QUOTE,
הדפסה על קנבס 100/100,הדפסה על קנבס 100/100,קנבס,100,100,1,310,senzey_price,size_ladder,280,עקומת המשפחה,,,-9.7,,REVIEW,
הדפסה על שמשונית 100/100 סמ,"הדפסה על שמשונית 100/100 ס""מ",שמשונית,100,100,1,95,senzey_price,per_m2,85,עקומת המשפחה,,,-10.5,,REVIEW,תעריף מיקור חוץ — לא הוגדר אם כולל מע״מ (TODO)
הדפסה על שמשונית 200/50 סמ,"הדפסה על שמשונית 200/50 ס""מ",שמשונית,200,50,1,120,senzey_price,per_m2,85,עקומת המשפחה,,,-29.2,,REVIEW,תעריף מיקור חוץ — לא הוגדר אם כולל מע״מ (TODO)
הדפסה על לוקובונד 120/90,הדפסה על לוקובונד 120/90,הדפסה על לוקובונד,120,90,1,290,senzey_price,,,,,,,,NO_ENGINE,
הדפסה על קאפה 60/180,הדפסה על קאפה 60/180,קאפה,180,60,1,262,senzey_price,sheet_yield,85,לפי עלות,,,-67.6,,REVIEW,קאפה: מחירי מדרגות תפוקה (יח׳ בגיליון) טרם אומתו מול הלקוח (TODO) · טבלת תפוקה חסרה — המחיר מחושב מעלות חומר × מקדם בלבד (TODO)
הדפסה על קנבס 60/180,הדפסה על קנבס 60/180,קנבס,180,60,1,425,senzey_price,size_ladder,365,מחיר עוגן,,,-14.1,,REVIEW,
הדפסה על קנבס 90/120,הדפסה על קנבס 90/120,קנבס,120,90,1,261,senzey_price,size_ladder,280,מחיר עוגן,,,7.3,,REVIEW,
הדפסה על שמשונית 120/90 סמ,"הדפסה על שמשונית 120/90 ס""מ",שמשונית,120,90,1,100,senzey_price,per_m2,92,עקומת המשפחה,,,-8,,REVIEW,תעריף מיקור חוץ — לא הוגדר אם כולל מע״מ (TODO)
הדפסה על שמשונית 60/180 סמ,"הדפסה על שמשונית 60/180 ס""מ",שמשונית,180,60,1,100,senzey_price,per_m2,92,עקומת המשפחה,,,-8,,REVIEW,תעריף מיקור חוץ — לא הוגדר אם כולל מע״מ (TODO)
הדפסה על שמשונית 170/64 סמ,"הדפסה על שמשונית 170/64 ס""מ",שמשונית,170,64,1,110,senzey_price,per_m2,92,עקומת המשפחה,,,-16.4,,REVIEW,תעריף מיקור חוץ — לא הוגדר אם כולל מע״מ (TODO)
הדפסה על שמשונית 170/70 סמ,"הדפסה על שמשונית 170/70 ס""מ",שמשונית,170,70,1,110,senzey_price,per_m2,100,עקומת המשפחה,,,-9.1,,REVIEW,תעריף מיקור חוץ — לא הוגדר אם כולל מע״מ (TODO)
הדפסה על שמשונית 120/100,הדפסה על שמשונית 120/100,שמשונית,120,100,1,80,senzey_price,per_m2,105,מחיר עוגן,105,נקודה מאושרת,31.3,0,REVIEW,תעריף מיקור חוץ — לא הוגדר אם כולל מע״מ (TODO)
הדפסה על שמשונית 120/100 סמ,"הדפסה על שמשונית 120/100 ס""מ",שמשונית,120,100,1,105,senzey_price,per_m2,105,מחיר עוגן,105,נקודה מאושרת,0,0,,תעריף מיקור חוץ — לא הוגדר אם כולל מע״מ (TODO)
הדפסה על שמשונית 150/80 סמ,"הדפסה על שמשונית 150/80 ס""מ",שמשונית,150,80,1,105,senzey_price,per_m2,100,עקומת המשפחה,,,-4.8,,REVIEW,תעריף מיקור חוץ — לא הוגדר אם כולל מע״מ (TODO)
הדפסה על שמשונית 70/174 סמ,הדפסה על שמשונית 70/174 ס״מ,שמשונית,174,70,1,120,senzey_price,per_m2,105,עקומת המשפחה,,,-12.5,,REVIEW,תעריף מיקור חוץ — לא הוגדר אם כולל מע״מ (TODO)
הדפסה על שמשונית 125/100 סמ,"הדפסה על שמשונית 125/100 ס""מ",שמשונית,125,100,1,110,senzey_price,per_m2,105,עקומת המשפחה,,,-4.5,,REVIEW,תעריף מיקור חוץ — לא הוגדר אם כולל מע״מ (TODO)
הדפסה על שמשונית 250/50 סמ,"הדפסה על שמשונית 250/50 ס""מ",שמשונית,250,50,1,140,senzey_price,per_m2,105,עקומת המשפחה,,,-25,,REVIEW,תעריף מיקור חוץ — לא הוגדר אם כולל מע״מ (TODO)
הדפסה על שמשונית 140/90 סמ,"הדפסה על שמשונית 140/90 ס""מ",שמשונית,140,90,1,110,senzey_price,per_m2,105,עקומת המשפחה,,,-4.5,,REVIEW,תעריף מיקור חוץ — לא הוגדר אם כולל מע״מ (TODO)
הדפסה על שמשונית 180/70 סמ,"הדפסה על שמשונית 180/70 ס""מ",שמשונית,180,70,1,110,senzey_price,per_m2,105,עקומת המשפחה,,,-4.5,,REVIEW,תעריף מיקור חוץ — לא הוגדר אם כולל מע״מ (TODO)
הדפסה על שמשונית 210/60 סמ,"הדפסה על שמשונית 210/60 ס""מ",שמשונית,210,60,1,120,senzey_price,per_m2,105,עקומת המשפחה,,,-12.5,,REVIEW,תעריף מיקור חוץ — לא הוגדר אם כולל מע״מ (TODO)
הדפסה על שמשונית 120/110 סמ,"הדפסה על שמשונית 120/110 ס""מ",שמשונית,120,110,1,110,senzey_price,per_m2,110,עקומת המשפחה,,,0,,,תעריף מיקור חוץ — לא הוגדר אם כולל מע״מ (TODO)
הדפסה על שמשונית 150/90 סמ,"הדפסה על שמשונית 150/90 ס""מ",שמשונית,150,90,1,115,senzey_price,per_m2,115,עקומת המשפחה,,,0,,,תעריף מיקור חוץ — לא הוגדר אם כולל מע״מ (TODO)
הדפסה על קאפה 120/120,הדפסה על קאפה 120/120,קאפה,120,120,1,262,senzey_price,sheet_yield,85,לפי עלות,,,-67.6,,REVIEW,קאפה: מחירי מדרגות תפוקה (יח׳ בגיליון) טרם אומתו מול הלקוח (TODO) · טבלת תפוקה חסרה — המחיר מחושב מעלות חומר × מקדם בלבד (TODO)
הדפסה על קאפה 90/160,הדפסה על קאפה 90/160,קאפה,160,90,1,267,senzey_price,sheet_yield,85,לפי עלות,,,-68.2,,REVIEW,קאפה: מחירי מדרגות תפוקה (יח׳ בגיליון) טרם אומתו מול הלקוח (TODO) · טבלת תפוקה חסרה — המחיר מחושב מעלות חומר × מקדם בלבד (TODO)
הדפסה על קנבס 90/160,הדפסה על קנבס 90/160,קנבס,160,90,1,390,senzey_price,size_ladder,390,מחיר עוגן,,,0,,,
הדפסה על שמשונית 180/80 סמ,"הדפסה על שמשונית 180/80 ס""מ",שמשונית,180,80,1,120,senzey_price,per_m2,120,עקומת המשפחה,,,0,,,תעריף מיקור חוץ — לא הוגדר אם כולל מע״מ (TODO)
הדפסה על שמשונית 240/60 סמ,"הדפסה על שמשונית 240/60 ס""מ",שמשונית,240,60,1,120,senzey_price,per_m2,120,עקומת המשפחה,,,0,,,תעריף מיקור חוץ — לא הוגדר אם כולל מע״מ (TODO)
הדפסה על לוקובונד 100/150,הדפסה על לוקובונד 100/150,הדפסה על לוקובונד,150,100,1,522,senzey_price,,,,,,,,NO_ENGINE,
שלט PVC בגודל 150/100 סמ שילוט המקום מצולם,"שלט PVC בגודל 150/100 ס""מ שילוט המקום מצולם",שלטי PVC,150,100,1,300,senzey_price,size_ladder,300,מחיר עוגן,,,0,,,
הדפסה על שמשונית 150/100 סמ,"הדפסה על שמשונית 150/100 ס""מ",שמשונית,150,100,1,130,senzey_price,per_m2,130,עקומת המשפחה,,,0,,,תעריף מיקור חוץ — לא הוגדר אם כולל מע״מ (TODO)
הדפסה על שמשונית 160/100 סמ,"הדפסה על שמשונית 160/100 ס""מ",שמשונית,160,100,1,130,senzey_price,per_m2,135,עקומת המשפחה,,,3.8,,REVIEW,תעריף מיקור חוץ — לא הוגדר אם כולל מע״מ (TODO)
הדפסה על שמשונית 200/80 סמ,"הדפסה על שמשונית 200/80 ס""מ",שמשונית,200,80,1,130,senzey_price,per_m2,135,עקומת המשפחה,,,3.8,,REVIEW,תעריף מיקור חוץ — לא הוגדר אם כולל מע״מ (TODO)
הדפסת מדבקות בעיצוב אישי עם הלוגו שלכם 130/130 סמ,הדפסת מדבקות בעיצוב אישי עם הלוגו שלכם 130/130 ס''מ,מדבקות,130,130,1,155,senzey_price,anchor_curve,,,,,,,NO_QUOTE,
הדפסה רול אפ 200/85,הדפסה רול אפ 200/85,רול אפ,200,85,1,215,senzey_price,,,,215,נשמר,,0,NO_ENGINE,
הדפסה על שמשונית 150/115 סמ,"הדפסה על שמשונית 150/115 ס""מ",שמשונית,150,115,1,135,senzey_price,per_m2,145,עקומת המשפחה,,,7.4,,REVIEW,תעריף מיקור חוץ — לא הוגדר אם כולל מע״מ (TODO)
הדפסה על קאפה 180/100,הדפסה על קאפה 180/100,קאפה,180,100,1,300,senzey_price,sheet_yield,300,מחיר עוגן,,,0,,,קאפה: מחירי מדרגות תפוקה (יח׳ בגיליון) טרם אומתו מול הלקוח (TODO) · טבלת תפוקה חסרה — המחיר מחושב מעלות חומר × מקדם בלבד (TODO)
הדפסה על שמשונית 100/180 סמ,"הדפסה על שמשונית 100/180 ס""מ",שמשונית,180,100,1,140,senzey_price,per_m2,155,עקומת המשפחה,,,10.7,,REVIEW,תעריף מיקור חוץ — לא הוגדר אם כולל מע״מ (TODO)
הדפסה על שמשונית 90/200 סמ,"הדפסה על שמשונית 90/200 ס""מ",שמשונית,200,90,1,140,senzey_price,per_m2,155,עקומת המשפחה,,,10.7,,REVIEW,תעריף מיקור חוץ — לא הוגדר אם כולל מע״מ (TODO)
הדפסה על שמשונית 230/80 סמ,"הדפסה על שמשונית 230/80 ס""מ",שמשונית,230,80,1,140,senzey_price,per_m2,155,עקומת המשפחה,,,10.7,,REVIEW,תעריף מיקור חוץ — לא הוגדר אם כולל מע״מ (TODO)
הדפסה על שמשונית 110/170 סמ,"הדפסה על שמשונית 110/170 ס""מ",שמשונית,170,110,1,145,senzey_price,per_m2,160,עקומת המשפחה,,,10.3,,REVIEW,תעריף מיקור חוץ — לא הוגדר אם כולל מע״מ (TODO)
הדפסה על שמשונית 160/120 סמ,"הדפסה על שמשונית 160/120 ס""מ",שמשונית,160,120,1,145,senzey_price,per_m2,165,עקומת המשפחה,,,13.8,,REVIEW,תעריף מיקור חוץ — לא הוגדר אם כולל מע״מ (TODO)
הדפסה על שמשונית 240/80 סמ,"הדפסה על שמשונית 240/80 ס""מ",שמשונית,240,80,1,145,senzey_price,per_m2,165,עקומת המשפחה,,,13.8,,REVIEW,תעריף מיקור חוץ — לא הוגדר אם כולל מע״מ (TODO)
הדפסת מדבקות בעיצוב אישי עם הלוגו שלכם 140/140 סמ,הדפסת מדבקות בעיצוב אישי עם הלוגו שלכם 140/140 ס''מ,מדבקות,140,140,1,180,senzey_price,anchor_curve,,,,,,,NO_QUOTE,
הדפסה על שמשונית 220/90 סמ,"הדפסה על שמשונית 220/90 ס""מ",שמשונית,220,90,1,150,senzey_price,per_m2,170,עקומת המשפחה,,,13.3,,REVIEW,תעריף מיקור חוץ — לא הוגדר אם כולל מע״מ (TODO)
הדפסה על קאפה 200/100,הדפסה על קאפה 200/100,קאפה,200,100,1,389,senzey_price,sheet_yield,389,מחיר עוגן,,,0,,,קאפה: מחירי מדרגות תפוקה (יח׳ בגיליון) טרם אומתו מול הלקוח (TODO) · טבלת תפוקה חסרה — המחיר מחושב מעלות חומר × מקדם בלבד (TODO)
הדפסה על שמשונית 200/100 סמ,"הדפס﻿ה על שמשונית 200/100 ס""מ",שמשונית,200,100,1,150,senzey_price,per_m2,150,מחיר עוגן,150,נקודה מאושרת,0,0,,תעריף מיקור חוץ — לא הוגדר אם כולל מע״מ (TODO)
הדפסה על לוקובונד 175/116,הדפסה על לוקובונד 175/116,הדפסה על לוקובונד,175,116,1,650,senzey_price,,,,,,,,NO_ENGINE,
הדפסה על שמשונית 550/40 סמ,"הדפסה על שמשונית 550/40 ס""מ",שמשונית,550,40,1,320,senzey_price,per_m2,165,עקומת המשפחה,,,-48.4,,REVIEW,תעריף מיקור חוץ — לא הוגדר אם כולל מע״מ (TODO)
הדפסה על שמשונית 150/150 סמ,"הדפסה על שמשונית 150/150 ס""מ",שמשונית,150,150,1,160,senzey_price,per_m2,160,מחיר עוגן,,,0,,,תעריף מיקור חוץ — לא הוגדר אם כולל מע״מ (TODO)
הדפסה על שמשונית 380/60 סמ,"הדפסה על שמשונית 380/60 ס""מ",שמשונית,380,60,1,200,senzey_price,per_m2,170,עקומת המשפחה,,,-15,,REVIEW,תעריף מיקור חוץ — לא הוגדר אם כולל מע״מ (TODO)
הדפסה על שמשונית 340/68 סמ,"הדפסה על שמשונית 340/68 ס""מ",שמשונית,340,68,1,200,senzey_price,per_m2,175,עקומת המשפחה,,,-12.5,,REVIEW,תעריף מיקור חוץ — לא הוגדר אם כולל מע״מ (TODO)
235/100,235*100,אחר,235,100,1,450,senzey_price,,,,,,,,NO_ENGINE,
הדפסה על קאפה 240/100,הדפסה על קאפה 240/100,קאפה,240,100,1,450,senzey_price,sheet_yield,450,מחיר עוגן,,,0,,,קאפה: מחירי מדרגות תפוקה (יח׳ בגיליון) טרם אומתו מול הלקוח (TODO) · טבלת תפוקה חסרה — המחיר מחושב מעלות חומר × מקדם בלבד (TODO)
הדפסה רול אפ 200/120,הדפסה רול אפ 200/120,רול אפ,200,120,1,466,senzey_price,,,,215,נשמר,,116.7,NO_ENGINE,
הדפסה על שמשונית 200/120 סמ,"הדפסה על שמשונית 200/120 ס""מ",שמשונית,200,120,1,160,senzey_price,per_m2,180,עקומת המשפחה,,,12.5,,REVIEW,תעריף מיקור חוץ — לא הוגדר אם כולל מע״מ (TODO)
הדפסה על שמשונית 240/100 סמ,"הדפסה על שמשונית 240/100 ס""מ",שמשונית,240,100,1,160,senzey_price,per_m2,180,עקומת המשפחה,,,12.5,,REVIEW,תעריף מיקור חוץ — לא הוגדר אם כולל מע״מ (TODO)
הדפסה על שמשונית 300/80 סמ,"הדפס﻿ה על שמשונית 300/80 ס""מ",שמשונית,300,80,1,220,senzey_price,per_m2,180,עקומת המשפחה,,,-18.2,,REVIEW,תעריף מיקור חוץ — לא הוגדר אם כולל מע״מ (TODO)
הדפסה על שמשונית 600/40 סמ,"הדפסה על שמשונית 600/40 ס""מ",שמשונית,600,40,1,340,senzey_price,per_m2,180,עקומת המשפחה,,,-47.1,,REVIEW,תעריף מיקור חוץ — לא הוגדר אם כולל מע״מ (TODO)
הדפסה על שמשונית 80/300 סמ,"הדפסה על שמשונית 80/300 ס""מ",שמשונית,300,80,1,170,senzey_price,per_m2,180,עקומת המשפחה,,,5.9,,REVIEW,תעריף מיקור חוץ — לא הוגדר אם כולל מע״מ (TODO)
הדפסה על שמשונית 180/135 סמ,"הדפסה על שמשונית 180/135 ס""מ",שמשונית,180,135,1,200,senzey_price,per_m2,180,עקומת המשפחה,,,-10,,REVIEW,תעריף מיקור חוץ — לא הוגדר אם כולל מע״מ (TODO)
הדפסה על שמשונית 610/40 סמ,"הדפסה על שמשונית 610/40 ס""מ",שמשונית,610,40,1,350,senzey_price,per_m2,185,עקומת המשפחה,,,-47.1,,REVIEW,תעריף מיקור חוץ — לא הוגדר אם כולל מע״מ (TODO)
הדפסה על שמשונית 250/100 סמ,"הדפסה על שמשונית 250/100 ס""מ",שמשונית,250,100,1,190,senzey_price,per_m2,190,עקומת המשפחה,,,0,,,תעריף מיקור חוץ — לא הוגדר אם כולל מע״מ (TODO)
הדפסה על שמשונית 255/99 סמ,"הדפסה על שמשונית 255/99 ס""מ",שמשונית,255,99,1,180,senzey_price,per_m2,190,עקומת המשפחה,,,5.6,,REVIEW,תעריף מיקור חוץ — לא הוגדר אם כולל מע״מ (TODO)
הדפסה על שמשונית 270/100 סמ,"הדפסה על שמשונית 270/100 ס""מ",שמשונית,270,100,1,160,senzey_price,per_m2,205,עקומת המשפחה,,,28.1,,REVIEW,תעריף מיקור חוץ — לא הוגדר אם כולל מע״מ (TODO)
הדפסה על שמשונית 140/200 סמ,"הדפסה על שמשונית 140/200 ס""מ",שמשונית,200,140,1,200,senzey_price,per_m2,210,עקומת המשפחה,,,5,,REVIEW,תעריף מיקור חוץ — לא הוגדר אם כולל מע״מ (TODO)
הדפסה על שמשונית 280/100 סמ,"הדפסה על שמשונית 280/100 ס""מ",שמשונית,280,100,1,170,senzey_price,per_m2,210,עקומת המשפחה,,,23.5,,REVIEW,תעריף מיקור חוץ — לא הוגדר אם כולל מע״מ (TODO)
הדפסה על שמשונית 240/120 סמ,"הדפסה על שמשונית 240/120 ס""מ",שמשונית,240,120,1,170,senzey_price,per_m2,215,עקומת המשפחה,,,26.5,,REVIEW,תעריף מיקור חוץ — לא הוגדר אם כולל מע״מ (TODO)
הדפסה על שמשונית 220/135 סמ,"הדפסה על שמשונית 220/135 ס""מ",שמשונית,220,135,1,200,senzey_price,per_m2,225,עקומת המשפחה,,,12.5,,REVIEW,תעריף מיקור חוץ — לא הוגדר אם כולל מע״מ (TODO)
הדפסה על שמשונית 230/130 סמ,"הדפסה על שמשונית 230/130 ס""מ",שמשונית,230,130,1,200,senzey_price,per_m2,225,עקומת המשפחה,,,12.5,,REVIEW,תעריף מיקור חוץ — לא הוגדר אם כולל מע״מ (TODO)
הדפסה על שמשונית 200/150 סמ,"הדפסה על שמשונית 200/150 ס""מ",שמשונית,200,150,1,200,senzey_price,per_m2,225,עקומת המשפחה,,,12.5,,REVIEW,תעריף מיקור חוץ — לא הוגדר אם כולל מע״מ (TODO)
הדפסה על שמשונית 250/120 סמ,"הדפסה על שמשונית 250/120 ס""מ",שמשונית,250,120,1,200,senzey_price,per_m2,225,עקומת המשפחה,,,12.5,,REVIEW,תעריף מיקור חוץ — לא הוגדר אם כולל מע״מ (TODO)
הדפסה על שמשונית 300/100 סמ,"הדפס﻿ה על שמשונית 300/100 ס""מ",שמשונית,300,100,1,170,senzey_price,per_m2,170,מחיר עוגן,,,0,,,תעריף מיקור חוץ — לא הוגדר אם כולל מע״מ (TODO)
הדפסה על שמשונית 380/80 סמ,"הדפסה על שמשונית 380/80 ס""מ",שמשונית,380,80,1,220,senzey_price,per_m2,230,עקומת המשפחה,,,4.5,,REVIEW,תעריף מיקור חוץ — לא הוגדר אם כולל מע״מ (TODO)
הדפסה על שמשונית 200/155 סמ,"הדפסה על שמשונית 200/155 ס""מ",שמשונית,200,155,1,200,senzey_price,per_m2,325,ייצור חוץ,,,62.5,,REVIEW,תעריף מיקור חוץ — לא הוגדר אם כולל מע״מ (TODO)
הדפסה על שמשונית 310/100 סמ,"הדפס﻿ה על שמשונית 310/100 ס""מ",שמשונית,310,100,1,200,senzey_price,per_m2,235,עקומת המשפחה,,,17.5,,REVIEW,תעריף מיקור חוץ — לא הוגדר אם כולל מע״מ (TODO)
הדפסה על שמשונית 150/220 סמ,"הדפסה על שמשונית 150/220 ס""מ",שמשונית,220,150,1,200,senzey_price,per_m2,250,עקומת המשפחה,,,25,,REVIEW,תעריף מיקור חוץ — לא הוגדר אם כולל מע״מ (TODO)
הדפסה על שמשונית 330/100 סמ,"הדפסה על שמשונית 330/100 ס""מ",שמשונית,330,100,1,180,senzey_price,per_m2,250,עקומת המשפחה,,,38.9,,REVIEW,תעריף מיקור חוץ — לא הוגדר אם כולל מע״מ (TODO)
הדפסה על שמשונית 225/150 סמ,"הדפסה על שמשונית 225/150 ס""מ",שמשונית,225,150,1,210,senzey_price,per_m2,255,עקומת המשפחה,,,21.4,,REVIEW,תעריף מיקור חוץ — לא הוגדר אם כולל מע״מ (TODO)
הדפסה על שמשונית 190/180 סמ,"הדפסה על שמשונית 190/180 ס""מ",שמשונית,190,180,1,356,senzey_price,per_m2,360,ייצור חוץ,,,1.1,,,תעריף מיקור חוץ — לא הוגדר אם כולל מע״מ (TODO)
הדפסה על שמשונית 140/250 סמ,"הדפסה על שמשונית 140/250 ס""מ",שמשונית,250,140,1,220,senzey_price,per_m2,265,עקומת המשפחה,,,20.5,,REVIEW,תעריף מיקור חוץ — לא הוגדר אם כולל מע״מ (TODO)
הדפסה על שמשונית 350/100 סמ,"הדפסה על שמשונית 350/100 ס""מ",שמשונית,350,100,1,220,senzey_price,per_m2,265,עקומת המשפחה,,,20.5,,REVIEW,תעריף מיקור חוץ — לא הוגדר אם כולל מע״מ (TODO)
הדפסה על שמשונית 240/150 סמ,"הדפסה על שמשונית 240/150 ס""מ",שמשונית,240,150,1,220,senzey_price,per_m2,270,עקומת המשפחה,,,22.7,,REVIEW,תעריף מיקור חוץ — לא הוגדר אם כולל מע״מ (TODO)
הדפסה על שמשונית 300/120 סמ,"הדפסה על שמשונית 300/120 ס""מ",שמשונית,300,120,1,220,senzey_price,per_m2,270,עקומת המשפחה,,,22.7,,REVIEW,תעריף מיקור חוץ — לא הוגדר אם כולל מע״מ (TODO)
הדפסה על שמשונית 400/90 סמ,"הדפסה על שמשונית 400/90 ס""מ",שמשונית,400,90,1,220,senzey_price,per_m2,270,עקומת המשפחה,,,22.7,,REVIEW,תעריף מיקור חוץ — לא הוגדר אם כולל מע״מ (TODO)
הדפסה על שמשונית 150/250 סמ,"הדפסה על שמשונית 150/250 ס""מ",שמשונית,250,150,1,270,senzey_price,per_m2,280,עקומת המשפחה,,,3.7,,REVIEW,תעריף מיקור חוץ — לא הוגדר אם כולל מע״מ (TODO)
הדפסה על שמשונית 375/100 סמ,"הדפסה על שמשונית 375/100 ס""מ",שמשונית,375,100,1,245,senzey_price,per_m2,280,עקומת המשפחה,,,14.3,,REVIEW,תעריף מיקור חוץ — לא הוגדר אם כולל מע״מ (TODO)
הדפסה על שמשונית 300/130 סמ,"הדפסה על שמשונית 300/130 ס""מ",שמשונית,300,130,1,265,senzey_price,per_m2,295,עקומת המשפחה,,,11.3,,REVIEW,תעריף מיקור חוץ — לא הוגדר אם כולל מע״מ (TODO)
הדפסה על שמשונית 200/200 סמ,"הדפסה על שמשונית 200/200 ס""מ",שמשונית,200,200,1,416,senzey_price,per_m2,420,ייצור חוץ,,,1,,,תעריף מיקור חוץ — לא הוגדר אם כולל מע״מ (TODO)
הדפסה על שמשונית 400/100 סמ,"הדפס﻿ה על שמשונית 400/100 ס""מ",שמשונית,400,100,1,280,senzey_price,per_m2,290,עקומת המשפחה,,,3.6,,REVIEW,תעריף מיקור חוץ — לא הוגדר אם כולל מע״מ (TODO)
הדפסה על שמשונית 550/75 סמ,"הדפסה על שמשונית 550/75 ס""מ",שמשונית,550,75,1,380,senzey_price,per_m2,295,עקומת המשפחה,,,-22.4,,REVIEW,תעריף מיקור חוץ — לא הוגדר אם כולל מע״מ (TODO)
הדפסה על שמשונית 300/140 סמ,"הדפסה על שמשונית 300/140 ס""מ",שמשונית,300,140,1,300,senzey_price,per_m2,300,עקומת המשפחה,,,0,,,תעריף מיקור חוץ — לא הוגדר אם כולל מע״מ (TODO)
הדפסה על שמשונית 350/120 סמ,"הדפסה על שמשונית 350/120 ס""מ",שמשונית,350,120,1,300,senzey_price,per_m2,300,עקומת המשפחה,,,0,,,תעריף מיקור חוץ — לא הוגדר אם כולל מע״מ (TODO)
הדפסה על שמשונית 400/110 סמ,"הדפסה על שמשונית 400/110 ס""מ",שמשונית,400,110,1,320,senzey_price,per_m2,315,עקומת המשפחה,,,-1.6,,,תעריף מיקור חוץ — לא הוגדר אם כולל מע״מ (TODO)
הדפסה על שמשונית 300/150 סמ,"הדפסה על שמשונית 300/150 ס""מ",שמשונית,300,150,1,335,senzey_price,per_m2,325,עקומת המשפחה,,,-3,,,תעריף מיקור חוץ — לא הוגדר אם כולל מע״מ (TODO)
הדפסה על שמשונית 450/100 סמ,"הדפסה על שמשונית 450/100 ס""מ",שמשונית,450,100,1,340,senzey_price,per_m2,325,עקומת המשפחה,,,-4.4,,REVIEW,תעריף מיקור חוץ — לא הוגדר אם כולל מע״מ (TODO)
הדפסה על שמשונית 350/130 סמ,"הדפסה על שמשונית 350/130 ס""מ",שמשונית,350,130,1,340,senzey_price,per_m2,330,עקומת המשפחה,,,-2.9,,,תעריף מיקור חוץ — לא הוגדר אם כולל מע״מ (TODO)
הדפסה על שמשונית 150/320 סמ,"הדפסה על שמשונית 150/320 ס""מ",שמשונית,320,150,1,375,senzey_price,per_m2,345,עקומת המשפחה,,,-8,,REVIEW,תעריף מיקור חוץ — לא הוגדר אם כולל מע״מ (TODO)
הדפסה על שמשונית 240/200 סמ,"הדפסה על שמשונית 240/200 ס""מ",שמשונית,240,200,1,499,senzey_price,per_m2,505,ייצור חוץ,,,1.2,,,תעריף מיקור חוץ — לא הוגדר אם כולל מע״מ (TODO)
הדפסה על שמשונית 400/120 סמ,"הדפסה על שמשונית 400/120 ס""מ",שמשונית,400,120,1,375,senzey_price,per_m2,345,עקומת המשפחה,,,-8,,REVIEW,תעריף מיקור חוץ — לא הוגדר אם כולל מע״מ (TODO)
הדפסה על שמשונית 600/80 סמ,"הדפסה על שמשונית 600/80 ס""מ",שמשונית,600,80,1,375,senzey_price,per_m2,345,עקומת המשפחה,,,-8,,REVIEW,תעריף מיקור חוץ — לא הוגדר אם כולל מע״מ (TODO)
הדפסה על שמשונית 500/100 סמ,"הדפסה על שמשונית 500/100 ס""מ",שמשונית,500,100,1,400,senzey_price,per_m2,360,עקומת המשפחה,,,-10,,REVIEW,תעריף מיקור חוץ — לא הוגדר אם כולל מע״מ (TODO)
הדפסה על שמשונית 350/150 סמ,"הדפסה על שמשונית 350/150 ס""מ",שמשונית,350,150,1,435,senzey_price,per_m2,380,עקומת המשפחה,,,-12.6,,REVIEW,תעריף מיקור חוץ — לא הוגדר אם כולל מע״מ (TODO)
הדפסה על שמשונית 110/520 סמ,"הדפסה על שמשונית 110/520 ס""מ",שמשונית,520,110,1,500,senzey_price,per_m2,410,עקומת המשפחה,,,-18,,REVIEW,תעריף מיקור חוץ — לא הוגדר אם כולל מע״מ (TODO)
הדפסה על שמשונית 200/300 סמ,"הדפסה על שמשונית 200/300 ס""מ",שמשונית,300,200,1,624,senzey_price,per_m2,630,ייצור חוץ,,,1,,,תעריף מיקור חוץ — לא הוגדר אם כולל מע״מ (TODO)
הדפסה על שמשונית 400/150 סמ,"הדפסה על שמשונית 400/150 ס""מ",שמשונית,400,150,1,540,senzey_price,per_m2,430,עקומת המשפחה,,,-20.4,,REVIEW,תעריף מיקור חוץ — לא הוגדר אם כולל מע״מ (TODO)
הדפסה על שמשונית 500/120 סמ,"הדפסה על שמשונית 500/120 ס""מ",שמשונית,500,120,1,540,senzey_price,per_m2,430,עקומת המשפחה,,,-20.4,,REVIEW,תעריף מיקור חוץ — לא הוגדר אם כולל מע״מ (TODO)
הדפסה על שמשונית 600/100 סמ,"הדפסה על שמשונית 600/100 ס""מ",שמשונית,600,100,1,540,senzey_price,per_m2,430,עקומת המשפחה,,,-20.4,,REVIEW,תעריף מיקור חוץ — לא הוגדר אם כולל מע״מ (TODO)
הדפסה על שמשונית 560/110 סמ,"הדפסה על שמשונית 560/110 ס""מ",שמשונית,560,110,1,565,senzey_price,per_m2,445,עקומת המשפחה,,,-21.2,,REVIEW,תעריף מיקור חוץ — לא הוגדר אם כולל מע״מ (TODO)
הדפסה על שמשונית 450/150 סמ,"הדפסה על שמשונית 450/150 ס""מ",שמשונית,450,150,1,660,senzey_price,per_m2,485,עקומת המשפחה,,,-26.5,,REVIEW,תעריף מיקור חוץ — לא הוגדר אם כולל מע״מ (TODO)
הדפסה על שמשונית 350/200 סמ,"הדפסה על שמשונית 350/200 ס""מ",שמשונית,350,200,1,700,senzey_price,per_m2,700,מחיר עוגן,,,0,,,תעריף מיקור חוץ — לא הוגדר אם כולל מע״מ (TODO)
הדפסה על שמשונית 700/100 סמ,"הדפסה על שמשונית 700/100 ס""מ",שמשונית,700,100,1,700,senzey_price,per_m2,505,עקומת המשפחה,,,-27.9,,REVIEW,תעריף מיקור חוץ — לא הוגדר אם כולל מע״מ (TODO)
הדפסה על שמשונית 240/300 סמ,"הדפסה על שמשונית 240/300 ס""מ",שמשונית,300,240,1,749,senzey_price,per_m2,755,ייצור חוץ,,,0.8,,,תעריף מיקור חוץ — לא הוגדר אם כולל מע״מ (TODO)
הדפסה על שמשונית 150/500 סמ,"הדפסה על שמשונית 150/500 ס""מ",שמשונית,500,150,1,785,senzey_price,per_m2,540,עקומת המשפחה,,,-31.2,,REVIEW,תעריף מיקור חוץ — לא הוגדר אם כולל מע״מ (TODO)
הדפסה על שמשונית 785/100 סמ,"הדפסה על שמשונית 785/100 ס""מ",שמשונית,785,100,1,850,senzey_price,per_m2,565,עקומת המשפחה,,,-33.5,,REVIEW,תעריף מיקור חוץ — לא הוגדר אם כולל מע״מ (TODO)
הדפסה על שמשונית 200/400 סמ,"הדפסה על שמשונית 200/400 ס""מ",שמשונית,400,200,1,832,senzey_price,per_m2,832,מחיר מאומת מהקטלוג,830,ייצור חוץ — המחיר הישן היה נכון,0,0.2,,תעריף מיקור חוץ — לא הוגדר אם כולל מע״מ (TODO)
הדפסה על שמשונית 400/200 סמ,"הדפסה על שמשונית 400/200 ס""מ",שמשונית,400,200,1,832,senzey_price,per_m2,832,מחיר מאומת מהקטלוג,830,ייצור חוץ — המחיר הישן היה נכון,0,0.2,,תעריף מיקור חוץ — לא הוגדר אם כולל מע״מ (TODO)
הדפסה על שמשונית 800/100 סמ,"הדפסה על שמשונית 800/100 ס""מ",שמשונית,800,100,1,875,senzey_price,per_m2,575,עקומת המשפחה,,,-34.3,,REVIEW,תעריף מיקור חוץ — לא הוגדר אם כולל מע״מ (TODO)
הדפסה על שמשונית 150/600 סמ,"הדפסה על שמשונית 150/600 ס""מ",שמשונית,600,150,1,900,senzey_price,per_m2,650,עקומת המשפחה,,,-27.8,,REVIEW,תעריף מיקור חוץ — לא הוגדר אם כולל מע״מ (TODO)
הדפסה על שמשונית 300/300 סמ,"הדפסה על שמשונית 300/300 ס""מ",שמשונית,300,300,1,936,senzey_price,per_m2,945,ייצור חוץ,,,1,,,תעריף מיקור חוץ — לא הוגדר אם כולל מע״מ (TODO)
הדפסה על שמשונית 900/100 סמ,"הדפסה על שמשונית 900/100 ס""מ",שמשונית,900,100,1,1065,senzey_price,per_m2,650,עקומת המשפחה,,,-39,,REVIEW,תעריף מיקור חוץ — לא הוגדר אם כולל מע״מ (TODO)
הדפסה על שמשונית 150/650 סמ,"הדפסה על שמשונית 150/650 ס""מ",שמשונית,650,150,1,1220,senzey_price,per_m2,700,עקומת המשפחה,,,-42.6,,REVIEW,תעריף מיקור חוץ — לא הוגדר אם כולל מע״מ (TODO)
הדפסה על שמשונית 1000/100 סמ,"הדפסה על שמשונית 1000/100 ס""מ",שמשונית,1000,100,1,1270,senzey_price,per_m2,720,עקומת המשפחה,,,-43.3,,REVIEW,תעריף מיקור חוץ — לא הוגדר אם כולל מע״מ (TODO)
הדפסה על שמשונית 400/250 סמ,"הדפסה על שמשונית 400/250 ס""מ",שמשונית,400,250,1,1040,senzey_price,per_m2,1050,ייצור חוץ,,,1,,,תעריף מיקור חוץ — לא הוגדר אם כולל מע״מ (TODO)
הדפסה על שמשונית 500/200 סמ,"הדפסה על שמשונית 500/200 ס""מ",שמשונית,500,200,1,1040,senzey_price,per_m2,1050,ייצור חוץ,,,1,,,תעריף מיקור חוץ — לא הוגדר אם כולל מע״מ (TODO)
הדפסה על שמשונית 150/700 סמ,"הדפסה על שמשונית 150/700 ס""מ",שמשונית,700,150,1,800,site_price,per_m2,755,עקומת המשפחה,,,-5.6,,REVIEW,תעריף מיקור חוץ — לא הוגדר אם כולל מע״מ (TODO)
הדפסה על שמשונית 200/600 סמ,"הדפסה על שמשונית 200/600 ס""מ",שמשונית,600,200,1,1248,senzey_price,per_m2,1248,מחיר מאומת מהקטלוג,,,0,,,תעריף מיקור חוץ — לא הוגדר אם כולל מע״מ (TODO)
הדפסה על שמשונית 400/300 סמ,"הדפסה על שמשונית 400/300 ס""מ",שמשונית,400,300,1,1248,senzey_price,per_m2,1260,ייצור חוץ,,,1,,,תעריף מיקור חוץ — לא הוגדר אם כולל מע״מ (TODO)
הדפסה על שמשונית 600/200 סמ,"הדפסה על שמשונית 600/200 ס""מ",שמשונית,600,200,1,1248,senzey_price,per_m2,1248,מחיר מאומת מהקטלוג,,,0,,,תעריף מיקור חוץ — לא הוגדר אם כולל מע״מ (TODO)
הדפסה על שמשונית 500/300 סמ,"הדפסה על שמשונית 500/300 ס""מ",שמשונית,500,300,1,1560,senzey_price,per_m2,1575,ייצור חוץ,1560,ייצור חוץ — המחיר הישן היה נכון,1,1,,תעריף מיקור חוץ — לא הוגדר אם כולל מע״מ (TODO)
הדפסה על שמשונית 400/400 סמ,"הדפסה על שמשונית 400/400 ס""מ",שמשונית,400,400,1,1700,senzey_price,per_m2,1680,ייצור חוץ,,,-1.2,,,תעריף מיקור חוץ — לא הוגדר אם כולל מע״מ (TODO)
הדפסה על שמשונית 700/250 סמ,"הדפסה על שמשונית 700/250 ס""מ",שמשונית,700,250,1,1820,senzey_price,per_m2,1840,ייצור חוץ,,,1.1,,,תעריף מיקור חוץ — לא הוגדר אם כולל מע״מ (TODO)
הדפסה על שמשונית 600/300 סמ,"הדפסה על שמשונית 600/300 ס""מ",שמשונית,600,300,1,1872,senzey_price,per_m2,1890,ייצור חוץ,,,1,,,תעריף מיקור חוץ — לא הוגדר אם כולל מע״מ (TODO)
הדפסה על שמשונית 450/450 סמ,"הדפסה על שמשונית 450/450 ס""מ",שמשונית,450,450,1,2100,senzey_price,per_m2,2125,ייצור חוץ,,,1.2,,,תעריף מיקור חוץ — לא הוגדר אם כולל מע״מ (TODO)
הדפסה על שמשונית 600/400 סמ,"הדפסה על שמשונית 600/400 ס""מ",שמשונית,600,400,1,2496,senzey_price,per_m2,2520,ייצור חוץ,2450,ייצור חוץ — המחיר הישן היה נכון,1,2.9,,תעריף מיקור חוץ — לא הוגדר אם כולל מע״מ (TODO)
הדפסה על שמשונית 800/300 סמ,"הדפסה על שמשונית 800/300 ס""מ",שמשונית,800,300,1,2496,senzey_price,per_m2,2520,ייצור חוץ,,,1,,,תעריף מיקור חוץ — לא הוגדר אם כולל מע״מ (TODO)
