action,identifier,name,family,size,qty,current_price_in_system,new_price,reason,priority
תיקון כמות,160,10.000 גלויות 10X15,דפים,15x10,1,1276,,"תיקון כמות 10,000 — באג פסיקים (""10.000"")",1
תיקון כמות,321,כרטיסי ביקור 10.000 יחי,כרטיסי ביקור,,0,2320,,"תיקון כמות 10,000 — באג פסיקים (""10.000"")",1
תיקון כמות,322,כרטיסי ביקור 20.000 יחי,כרטיסי ביקור,,0,4639,,"תיקון כמות 20,000 — באג פסיקים (""20.000"")",1
תיקון כמות,499,12/9 10.000 יחידות הדפסה על מגנט,מגנטים,12x9,0,6000,,"תיקון כמות 10,000 — באג פסיקים (""10.000"")",1
תיקון כמות,514,15.000 אלף 10/8 מגנט 5/9magnetbusiness,מגנטים,10x8,1,5700,,"תיקון כמות 15,000 — באג פסיקים (""15.000"")",1
תיקון כמות,1061,"הדפסה על מגנט 10/10 10,000 יח",מגנטים,10x10,0,4900,,"תיקון כמות 10,000 — באג פסיקים (""10,000"")",1
עדכון מחיר,1181,הדפסת מדבקות בעיצוב אישי עם הלוגו שלכם קוטר 10-10 ס''מ 1000 יחידות,מדבקות,10x10,1000,590,480,מדרגת 1000 מאושרת,1
עדכון מחיר,1193,הדפסת מדבקות בעיצוב אישי עם הלוגו שלכם קוטר 10-15 ס''מ 1000 יחידות,מדבקות,10x15,1000,590,595,מלבן גדול 1000 מאושר,1
עדכון מחיר,1195,הדפסת מדבקות בעיצוב אישי עם הלוגו שלכם קוטר 10-15 ס''מ 500 יחידות,מדבקות,10x15,500,340,375,מלבן גדול 500 מאושר,1
עדכון מחיר,1186,הדפסת מדבקות בעיצוב אישי עם הלוגו שלכם קוטר 24-6 ס''מ 1000 יחידות,מדבקות,24x6,1000,590,595,מלבן גדול 1000 מאושר,1
עדכון מחיר,1190,הדפסת מדבקות בעיצוב אישי עם הלוגו שלכם קוטר 24-6 ס''מ 500 יחידות,מדבקות,24x6,500,340,375,מלבן גדול 500 מאושר,1
עדכון מחיר,1141,הדפסת מדבקות בעיצוב אישי עם הלוגו שלכם קוטר 3-3 ס''מ 1000 יחידות,מדבקות,3x3,1000,315,299,מדרגת 1000 מאושרת,1
עדכון מחיר,1142,הדפסת מדבקות בעיצוב אישי עם הלוגו שלכם קוטר 4-4 ס''מ 1000 יחידות,מדבקות,4x4,1000,330,310,מדרגת 1000 מאושרת,1
עדכון מחיר,1151,הדפסת מדבקות בעיצוב אישי עם הלוגו שלכם קוטר 5-9 ס''מ 100 יחידות,מדבקות,5x9,100,154,126,סולם 5×9 מאושר (דלי 126),1
עדכון מחיר,1152,הדפסת מדבקות בעיצוב אישי עם הלוגו שלכם קוטר 5-9 ס''מ 1000 יחידות,מדבקות,5x9,1000,420,245,סולם 5×9 מאושר,1
עדכון מחיר,1153,הדפסת מדבקות בעיצוב אישי עם הלוגו שלכם קוטר 5-9 ס''מ 150 יחידות,מדבקות,5x9,150,163,134,סולם 5×9 מאושר,1
עדכון מחיר,1154,הדפסת מדבקות בעיצוב אישי עם הלוגו שלכם קוטר 5-9 ס''מ 200 יחידות,מדבקות,5x9,200,179,143,סולם 5×9 מאושר,1
עדכון מחיר,1155,הדפסת מדבקות בעיצוב אישי עם הלוגו שלכם קוטר 5-9 ס''מ 250 יחידות,מדבקות,5x9,250,199,157,סולם 5×9 מאושר,1
עדכון מחיר,1156,הדפסת מדבקות בעיצוב אישי עם הלוגו שלכם קוטר 5-9 ס''מ 500 יחידות,מדבקות,5x9,500,280,174,סולם 5×9 מאושר,1
עדכון מחיר,1140,הדפסת מדבקות בעיצוב אישי עם הלוגו שלכם קוטר 6-6 ס''מ 500 יחידות,מדבקות,6x6,500,270,249,תיקון נתונים מאושר 6×6×500,1
עדכון מחיר,1158,הדפסת מדבקות בעיצוב אישי עם הלוגו שלכם קוטר 7-7 ס''מ 1000 יחידות,מדבקות,7x7,1000,495,395,מדרגת 1000 מאושרת,1
עדכון מחיר,1164,הדפסת מדבקות בעיצוב אישי עם הלוגו שלכם קוטר 8-8 ס''מ 1000 יחידות,מדבקות,8x8,1000,495,395,מדרגת 1000 מאושרת,1
עדכון מחיר,1169,הדפסת מדבקות בעיצוב אישי עם הלוגו שלכם קוטר 9-9 ס''מ 1000 יחידות,מדבקות,9x9,1000,505,420,תיקון נתונים מאושר 9×9×1000,1
עדכון מחיר,351,פליירים 15/21 דו או חד צדדי 200 יחי,פליירים,21x15,200,232,125,ספק: 351 → ₪125 (עקומת A5 מאושרת),1
עדכון מחיר,417,פליירים 15/21 דו או חד צדדי 300 יחי,פליירים,21x15,300,348,170,ספק: 417 → ₪170 (עקומת A5 מאושרת),1
מחיקה,356,פליירים 15/21 דו או חד צדדי 400 יחי,פליירים,21x15,400,232,,המפרט מוחק את מק״ט 400 היחידות,1
עדכון מחיר,403,הדפסת תמונות על זכוכית בעיצוב אישי 100/70,זכוכית,100x70,1,800,675,יעד מאושר 650–700,2
עדכון מחיר,168,הדפסת תמונות על זכוכית בעיצוב אישי 120/80,זכוכית,120x80,1,850,1035,"שיא השוק — ₪1,035 מאושר",2
עדכון מחיר,676,הזמנת עבודה A5 עשר פנקסים מקור + 2 העתקים,חשבוניות,14.8x21,10,280,320,מחיר מבנה אחיד A5×10 = ₪320,2
הוספה,,הצעות מחיר A5 עשר פנקסים מקור + 2 העתקים,חשבוניות,14.8x21,10,,320,מוצר חדש מאושר — הצעות מחיר A5 × 10 פנקסים,2
עדכון מחיר,69,קבלת עוסק פטור A4 עשרה פנקסים,חשבוניות,21x29.7,10,442,418,מחיר מבנה אחיד A4×10 = ₪418,2
עדכון מחיר,64,תעודת משלוח A5 עשרה פנקסים,חשבוניות,14.8x21,10,323,320,מחיר מבנה אחיד A5×10 = ₪320,2
עדכון מחיר,809,"הדפסה על פוליגל 120X80 ס""מ",פוליגל,120x80,1,70,85,סולם מאושר (ביטול ₪70),2
עדכון מחיר,5,הדפסה על קנבס 30/30,קנבס,30x30,1,99,95,הוזלה מאושרת (סולם קנבס),2
עדכון מחיר,7,הדפסה על קנבס 30/45,קנבס,45x30,1,105,110,העלאה מאושרת (סולם קנבס),2
עדכון מחיר,119,הדפסה על קנבס 50/30,קנבס,50x30,1,110,115,העלאה מאושרת (סולם קנבס),2
עדכון מחיר,17,הדפסה על קנבס 60/180,קנבס,180x60,1,425,365,הוזלה מאושרת (סולם קנבס),2
עדכון מחיר,436,הדפסה על קנבס 70/100,קנבס,100x70,1,215,245,איחוד 100/70+70/100 = ₪245,2
עדכון מחיר,21,הדפסה על קנבס 80/120,קנבס,120x80,1,240,255,העלאה מאושרת (סולם קנבס),2
עדכון מחיר,22,הדפסה על קנבס 90/120,קנבס,120x90,1,261,280,העלאה מאושרת (סולם קנבס),2
עדכון מחיר,431,הדפסה על קנבס 90/90,קנבס,90x90,1,225,230,העלאה מאושרת (סולם קנבס),2
מחיקה,633,הדפסה על שמשונית 120/100,שמשונית,120x100,1,80,,כפילות 120/100 ב-₪80 — נשארת רק נקודת ה-₪105,2
עדכון מחיר,249,500 יחידות עטים,הדפסה על חפצים,,500,2146,1025,יעד כיווני: 2146 → 950–1100,3
עדכון מחיר,24,הדפסת תמונות על זכוכית בעיצוב אישי 20/30,זכוכית,30x20,1,130,160,נשמר,3
עדכון מחיר,54,הדפסה על ספל כוסות,כוסות,,1,70,52,יעד כיווני: 70 → 49–55,3
עדכון מחיר,670,כרטיס ביקור 1000 יחי,כרטיסי ביקור,,1000,276,210,יעד כיווני: 276 → ~210,3
עדכון מחיר,196,כרטיס ביקור 1000יח לקה סלקטיבית,כרטיסי ביקור,,1000,754,210,יעד כיווני: 276 → ~210,3
עדכון מחיר,72,כרטיסי ביקור 1000 יחי,כרטיסי ביקור,,1000,276,210,יעד כיווני: 276 → ~210,3
עדכון מחיר,154,כרטיסי ביקור 5000 יחי,כרטיסי ביקור,,5000,1102,850,יעד כיווני: ~850,3
עדכון מחיר,259,כרטיסיות 1000 יחי 8/8,כרטיסי ביקור,8x8,1000,522,210,יעד כיווני: 276 → ~210,3
עדכון מחיר,278,הדפסה על מגנט 1000 יחי 10/10,מגנטים,10x10,1000,920,650,יעד כיווני: 920 → 600–700,3
עדכון מחיר,683,הדפסת לוח שנה מגנט 10/10 ספירלה. 1000 יחידות,מגנטים,10x10,1000,2400,650,יעד כיווני: 920 → 600–700,3
עדכון מחיר,316,לוח שנה מגנט 1000 יחי 10/10,מגנטים,10x10,1000,2320,650,יעד כיווני: 920 → 600–700,3
עדכון מחיר,245,1000 יחידות מעטפות 23/11 הדפסה צבעונית,מעטפות,23x11,1000,650,470,יעד כיווני: 650 → ~470,3
עדכון מחיר,246,1000 יחידות מעטפות 25/18 הדפסה צבעונית,מעטפות,25x18,1000,750,470,יעד כיווני: 650 → ~470,3
עדכון מחיר,626,1000 יחידות מעטפות הדפסה צבעונית 34/24,מעטפות,34x24,1000,800,470,יעד כיווני: 650 → ~470,3
עדכון מחיר,474,"100 יחידות פולדר הדפסה צד אחד עם כיס 1 עם למינציה,",פולדר,,100,1000,700,יעד כיווני: 1000 → ~700,3
עדכון מחיר,302,פליירים 10/15 דו או חד צדדי 1000 יחי,פליירים,15x10,1000,348,330,בסיס 10/15 מאושר,3
עדכון מחיר,37,פליירים 15/21 דו או חד צדדי 1000 יחי,פליירים,21x15,1000,418,395,עקומת A5 מאושרת,3
עדכון מחיר,152,פליירים 15/21 דו או חד צדדי 2000 יחי,פליירים,21x15,2000,500,475,עקומת A5 מאושרת,3
עדכון מחיר,290,פליירים 15/21 דו או חד צדדי 3000 יחי,פליירים,21x15,3000,650,535,עקומת A5 מאושרת,3
עדכון מחיר,35,פליירים 15/21 דו או חד צדדי 5000 יחי,פליירים,21x15,5000,780,600,עקומת A5 מאושרת,3
עדכון מחיר,33,הדפסה רול אפ 200/120,רול אפ,200x120,1,466,215,נשמר,3
עדכון מחיר,234,הדפסה על שלט PVC 20/30,שלטי PVC,30x20,1,35,30,סולם מאושר,3
עדכון מחיר,655,"שלט PVC בגודל 20/30 ס""מ שילוט אסור לעשן",שלטי PVC,30x20,1,35,30,סולם מאושר,3
עדכון מחיר,654,"שלט PVC בגודל 20/30 ס""מ שילוט המקום מצולם",שלטי PVC,30x20,1,35,30,סולם מאושר,3
עדכון מחיר,653,"שלט PVC בגודל 20/30 ס""מ שילוט לנכים",שלטי PVC,30x20,1,35,30,סולם מאושר,3
עדכון מחיר,652,"שלט PVC בגודל 20/30 ס""מ שלטי חניה",שלטי PVC,30x20,1,35,30,סולם מאושר,3
עדכון מחיר,651,"שלט PVC בגודל 20/30 ס""מ שלטי כיבוי אש",שלטי PVC,30x20,1,35,30,סולם מאושר,3
עדכון מחיר,650,"שלט PVC בגודל 20/30 ס""מ שלטי כלבים",שלטי PVC,30x20,1,35,30,סולם מאושר,3
עדכון מחיר,649,"שלט PVC בגודל 20/30 ס""מ שלטים לאתרי בניין/קבלנים",שלטי PVC,30x20,1,35,30,סולם מאושר,3
עדכון מחיר,1091,"הדפסה על שמשונית 60/40 ס""מ",שמשונית,60x40,1,70,65,מינימום עד 1 מ״ר,3
